channel_id,label,wd_item,wd_class,country,language,tier_reason
UC-30BJyAAObw1irWxu6IPkw,Meduza,Q18340732,mass media|news media|news website,Latvia,English,topic+title
UC-8vX3uI2oGQ7qra6hNBwug,Teleshkronja Post,Q60766946,mass media|news media|news website|newspaper|online newspaper,Kosovo,Albanian,topic+title
UC-AY02VQo-F_trSeTKUu_QQ,Sakal,Q7402792,newspaper,India,Marathi,topic+title
UC-DmGAqCEZMypBwgMncP1tQ,NEWS Post seven,Q11234829,mass media|news media|news website,Japan,,topic
UC-FB5CRs-XUNMdDDphQUDEA,Podnews,Q108604514,mass media|news media|news website,,English,topic+title
UC-NrL-C9NpTC_pDhg6LIbTQ,Democrat TV,Q95963202,mass media|news media|news website|newspaper|online newspaper,,,topic
UC-SJ6nODDmufqBzPBwCvYvQ,CBS This Morning,Q2784108,mass media|news media|news program,,,topic+title
UC-qmVwrNHRUd-8oGJ6hbTfg,NODAL,Q121505421,mass media|news media|news website|newspaper|online newspaper,Argentina,Spanish,topic+title
UC0-dB4QNh4mRSNkhumn2Rtg,Telegraf,Q119859727,mass media|media company|news media|news website|newspaper|online newspaper,Ukraine,Russian,topic+title
UC0BrAJjGnpEyT5iJt1CiKwQ,The Pioneer,Q140356960,mass media|news media|news website|newspaper|online newspaper,Germany,German,topic+title
UC0PB3B6ApnZmm5_gds61B1g,NavGujarat Samay,Q24912062,newspaper,India,Gujarati,topic+title
UC0ZB_2l592dPek9tl0CFFBg,LiFO,Q61989571,magazine|mass media|news media|newspaper,Greece,Greek,topic+title
UC0g4NqLDoes2LVVp2mh3G7Q,Bihor Info,Q139972680,mass media|news media|news website|newspaper|online newspaper,Romania,Romanian,topic+title
UC0h6XiZoEAsdsZqNpVFtdvA,Cuban News Agency,Q137994679,mass media|media company|news agency|news media,Cuba,,topic
UC0jDU9VRITdZQsFP0q5FPrg,Interfax-Ukraine,Q2448686,mass media|media company|news agency|news media,Ukraine,,topic
UC0jVU-mK53vDQZcSZB5mVHg,Hellenic Broadcasting Corporation,Q1145059,public broadcaster,Greece,,topic
UC0pxcvmPndail7i26y2K0bg,Pskov Gubernia,Q19860281,newspaper,,Russian,topic
UC0sr7HZLNuxhB_okngeOweA,Kabar,Q16988534,mass media|media company|news agency|news media,Kyrgyzstan,Turkish,topic
UC10k-NvWs2E6jvXoM_nlF_A,Roma Press,Q107006179,mass media|media company|news agency|news media,North Macedonia,Romani,topic+title
UC14uNDCzwhcbA-qWYBkging,ALAU.KZ,Q136468944,mass media|media company|news agency|news media|news website,Kazakhstan,Russian,topic
UC1Lcash1pIZ2aiIavB2JXtg,HaKol HaYehudi,Q16129918,mass media|news media|news website|newspaper|online newspaper,Israel,,topic
UC1_JSuk0BSA_FWzSvMsezGg,God TV,Q826862,mass media|news media|news website|television station,United States,English,topic+title
UC1gKP9gOrwLeO4MyQ1zPYog,El Zenit,Q140381419,mass media|news media|news website|newspaper|online newspaper,Mexico,Spanish,topic+title
UC1kcTyykNZVYE9LajEA8eLw,Q137830699,Q137830699,newspaper,Germany,German,topic
UC1oOl2GQHgORlO6nZwxTrKg,Daily News Egypt,Q5209324,newspaper,Egypt,English,topic+title
UC1p7DHMMvpgkqu32H1USh7Q,Actu44.fr,Q139068510,mass media|news media|news website|newspaper|online newspaper,France,French,topic+title
UC1s8esGgSMe2Fbxe6Bnpm6w,Khoj Samachar,Q138528449,mass media|news media|news website,Nepal,,topic+title
UC1v_dekbxqgQjBQ2fg39uBg,European Radio for Belarus,Q1374265,mass media|news media|radio station,Poland,,topic
UC1zYGo1jIIjMVDTLL3dydow,Sankei Shimbun,Q1197261,newspaper,Japan,Japanese,topic
UC27KdqL8GCxqXgurmGpkb7g,DeSmog,Q5244089,mass media|news media,,,topic+title
UC28hcmMG3TJv60Byo528VVg,Niconico News,Q11324223,mass media|news media|news website,Japan,,topic
UC2CoZtMc68lhBrupCOIvllw,The Insider,Q48940439,mass media|news media|news website,Russia,English,topic+title
UC2J3olQxMEQLEmpzisRVzpg,The Palestine Chronicle,Q109873519,mass media|news media|news website|newspaper|online newspaper,United States,English,topic+title
UC2M61YK4ntt9iK-23XhDwcw,United Daily News,Q697153,mass media|news media|news website|newspaper|online newspaper,Taiwan,Traditional Chinese,topic
UC2P4BOQlye13d9l0Cl-kTTg,Hong Kong China News Agency,Q15956559,mass media|media company|news agency|news media,People's Republic of China,,topic
UC2PjztxRGqVJtm0tGR3mXTg,Africaguinee,Q136719999,mass media|news media|news website|newspaper|online newspaper,Guinea,French,topic+title
UC2QuSFgnIeiBR9p0_Ym_6Pg,WHTM-TV,Q7950450,mass media|media company|news agency|news media|television station,United States,,topic+title
UC2TuODJhC03pLgd6MpWP0iw,SET News,Q7389900,mass media|news media|television channel,Taiwan,,topic
UC2VmWn8dAqkzlQqvy02E1PA,FTV News,Q5427254,mass media|news media|television channel|television station,Taiwan,,topic
UC2XAmdUgYy23fkg5nC6Spag,Súbela Radio,Q17462578,mass media|news media|news website|radio station,Chile,Spanish,topic+title
UC2Ya1zL54cL7CkluxqJd6FQ,Q136385479,Q136385479,mass media|media company|news agency|news media,Brazil,,topic
UC2aVivDVNhpNN_AsMcb0V8A,Aram News,Q139898682,mass media|news media,,Arabic,topic+title
UC2ce7ocIIs9NstcRt4Jolhg,SpazioCrypto,Q140420005,mass media|news media|news website|newspaper|online newspaper,Italy,French,topic+title
UC2d64ZrPrGan3GYll6N0y5w,coolloud web (Social movement),Q10502295,mass media|news media|news website,,,topic+title
UC2hbw0O8Z6v0KHjVcT0XfsQ,Berria,Q827097,newspaper,Spain,Basque,topic
UC2lCFhJIC4adt_oP1dwSOVg,Aktuality.sk,Q52162279,mass media|news media|news website|newspaper|online newspaper,Slovakia,Slovak,topic+title
UC2liaNc5y50YBVjgXiQxdHQ,The Cradle,Q135975371,mass media|news media|news website|newspaper|online newspaper,,Turkish,topic+title
UC2s4wNkGb731EjS27zi_hNw,Christian Daily,Q116982840,mass media|news media|news website|newspaper|online newspaper,Taiwan,Standard Taiwanese Mandarin,topic
UC2tU3x2rm9ppdaGWiLYxIDA,Mash,Q48954641,mass media|news media|news website|newspaper|online newspaper,Russia,,topic+title
UC2wnjHTgcoNHOr1qegeFGsg,Q117257266,Q117257266,mass media|news media,Norway,Norwegian,topic
UC315KbRo_fiQ9fbaVUhEK0Q,MalaysiaNow,Q113653257,mass media|news media|news website|newspaper|online newspaper,Malaysia,English,topic+title
UC32q96QZ3bdS1bHUaP0hgBg,Real Digital,Q140500382,mass media|news media|news website|newspaper|online newspaper,Kazakhstan,Russian,topic+title
UC34JNOAjkpx4WLXKSRnUIwA,Zerkalo.io,Q108001153,mass media|news media,,,topic
UC35KuZBNIj4S5Ls0yjY-UHQ,G News Network,Q5013089,mass media|news media|news program|television channel|television station,Pakistan,,topic
UC35_7IUmatNefk6Wtt2-AtQ,Dzen,Q29223522,mass media|news media|news website,Russia,,topic
UC372QkR3fwJS1exiI1NTUvw,Meydan TV,Q23817378,mass media|news media|news website,Azerbaijan,,topic+title
UC3G-45OJY0VyLmlXMeFBOHw,Akhbar el-Yom,Q4116122,newspaper,Egypt,Arabic,topic+title
UC3GHKfZDKIei3_OAGNZunNA,The Daily Manila Shimbun,Q50552435,newspaper,,,topic+title
UC3GO3q3wSxJ21M9LQa8Hg-w,Live Punjabi TV,Q140501959,mass media|news media,India,,topic+title
UC3NR2hsIC6g9bQ-s4Eba6IA,Lokshahi,Q141368310|Q4115189,newspaper,Malta,Marathi,topic+title
UC3XTzVzaHQEd30rQbuvCtTQ,Last Week Tonight with John Oliver,Q16735585,mass media|news media|news program,,,topic
UC3cF5zwsHbX0noh3jMTVlYQ,Mixani tou Xronou,Q132181298,mass media|news media|news website|newspaper|online newspaper,Greece,Greek,topic
UC3cntnJoRiiLaZ7dZwTTQ8A,Militarnyi,Q12164155,mass media|news media|news website|newspaper|online newspaper,Ukraine,Polish,topic+title
UC3njZ48-FDxLleBYaP0SZIg,The Hindu,Q926175,newspaper,India,English,topic+title
UC3oWNZqcVA21Ab7lnwWGcOQ,Naya Patrika,Q25226694,newspaper,Nepal,Nepali,topic+title
UC47PT9tQ-onpq37O6fVZBIg,Youth Daily News,Q15903537,media company|newspaper,Taiwan,,topic+title
UC47WI-kZXFf0H_f7pvaNCEQ,Tuổi Trẻ,Q7853413,newspaper,,Vietnamese,topic+title
UC48mLXk1ASg1EQbaS3MheWQ,Valor Econômico,Q958931,mass media|newspaper,Brazil,,topic+title
UC4KnMZaxcv1KZDAJsgHXcOA,LRT televizija,Q1550538|Q1635809,public broadcaster|television station,Lithuania,,topic+title
UC4NQG2u8P7t29T3aSxmGrTQ,Metametrica,Q125791753,mass media|news media|news website|newspaper|online newspaper,,,topic+title
UC4XW1c0v7vZkO8OQJEfOLOg,iefimerida.gr,Q105590147,mass media|news media|news website|newspaper|online newspaper,Greece,Greek,topic+title
UC4bTRXU-ycVU516_pZbKG4g,Gript,Q64398383,mass media|news media,,,topic+title
UC4bokYuSrVGpI6_WYv7Gdbw,The News Lens,Q24850576,mass media|newspaper,Taiwan,English,topic+title
UC4p_I9eiRewn2KoU-nawrDg,The Straits Times,Q498921,newspaper,Singapore,English,topic+title
UC4zuSGeNrVOIvlo8-qaFlSQ,The Waxahachie Sun,Q107723017,newspaper,United States,English,topic+title
UC52X5wxOL_s5yw0dQk7NtgA,Associated Press,Q40469,mass media|media company|news agency|news media,United States,,topic+title
UC52ln4mWFbs3hOL85_iA9Ww,The Hub,Q114278066,mass media|news media|news website,Canada,English,topic+title
UC5BMIWZe9isJXLZZWPWvBlg,Kompas TV,Q6428601,mass media|news media|television station,Indonesia,,topic
UC5E-lqm0hYixrY61GAjXIdw,Tageblatt,Q461344,newspaper,Luxembourg,French,topic+title
UC5LqfXvhYZsaJ1uz3AcSvpw,Nguoi Viet Daily News,Q7022716,newspaper,United States,Vietnamese,topic+title
UC5MwBnaH11q1nO2r4hiv5BQ,INSIDE,Q65049758,mass media|news media|news website,,,topic+title
UC5Q9jbF9A2dW-sPLl4rREkw,haber365.com.tr,Q107020245,mass media|news media|news website|newspaper|online newspaper,Turkey,Turkish,topic+title
UC5R89CNV6EE9ruwuEFRcOcw,Judicial and Legal Newspaper,Q12158571,mass media|news media|news website|newspaper|online newspaper,,,topic
UC5SzOUQP34uMRMY3CdIWc4Q,The Christian Recorder,Q104843053,mass media|newspaper,United States,English,topic+title
UC5TOFhyb_LxL2VG_Zenhpzw,Thai Public Broadcasting Service,Q2603792,mass media|public broadcaster|television channel,Thailand,,topic+title
UC5UwzkI8NlcDHgrRkVBkR5Q,Proekt,Q105301670,mass media|news media|news website|newspaper|online newspaper,Russia,English,topic
UC5VbpPF37ARpk9t5l_TJc8w,Kankokeizai News,Q11630527,newspaper,,,topic
UC5iLnYoF4Ryb63YdGD9RfWQ,Australian Broadcasting Corporation,Q781365,public broadcaster,Australia,,topic
UC5l18oylJ8o7ihugk4F-3nw,PULSE HK,Q136677336,mass media|news media|news website|newspaper|online newspaper,,Cantonese,topic+title
UC5nwNW4KdC0SzrhF9BXEYOQ,TVBS News,Q7672150,mass media|news media|television channel|television station,Taiwan,,topic+title
UC5rVi7GRsGLGNK2T2JzwoFA,Belarusian section of Radio Free Europe/Radio Liberty,Q13028748,mass media|news media|news website|newspaper|online newspaper|radio station,,Belarusian,topic
UC5sPqti8bakMgz5T5u6_o6A,Malanka Media,Q110917676,mass media|news media,Belarus,Russian,topic+title
UC61reKB-JvsnWGwmsGN6deA,Ma'an News Agency,Q2000342,mass media|media company|news agency|news media,Palestine,Arabic,topic
UC68VHcQS5x-WNFmf5cAFtgg,VTC News,Q108492472,mass media|news media|news website|newspaper|online newspaper,Vietnam,,topic+title
UC6AG81pAkf6Lbi_1VC5NmPA,TBS News DIG,Q16143608,mass media|news media|news website|newspaper|online newspaper,Japan,,topic+title
UC6BENb97B-9QXIOCjbW9Lvw,Sai Gon Giai Phong,Q7399786,newspaper,,Vietnamese,topic+title
UC6Ndavd7pNuwiFmpXEFAwEw,Plovdiv24.bg,Q140312694,mass media|news media|news website|newspaper|online newspaper,Bulgaria,Bulgarian,topic+title
UC6RJ7-PaXg6TIH2BzZfTV7w,Times Now,Q7806547,mass media|news media,India,English,topic+title
UC6W8rnMBwnzioz-3-8jH0-w,The Citizen,Q2750599,newspaper,South Africa,English,topic+title
UC6Ye6MKEFPjpxnaTXLeBRiA,Jiji Press,Q1688974,mass media|media company|news agency|news media,Japan,,topic
UC6ZFN9Tx6xh-skXCuRHCDpQ,PBS News Hour,Q7118447,mass media|news media|news program,United States,American English,topic+title
UC6ZYCxxt5wDvNbhjzyFSVKg,Naftemporiki,Q598237,newspaper,Greece,Greek,topic
UC6dDeJDRIlCjcMScJ2nLXWA,MediaZona,Q28135463,mass media|news media|news website,Russia,English,topic:alt
UC6o-wWU-v2ClFMwougmK7dA,BBC Newsnight,Q25869,mass media|news media|news program,,English,topic+title
UC6ovWEVhYXgT3kkdc4gsdhA,Belarusian section of Radio Free Europe/Radio Liberty,Q13028748,mass media|news media|news website|newspaper|online newspaper|radio station,,Belarusian,topic:alt
UC6rYUPNu9Te_c_q1NJ-49BA,Q135208026,Q135208026,mass media|media company|news media|news website|newspaper|online newspaper,Romania,,topic
UC70w9yuRtx-OQ5nv38rKwMw,The Harrisonburg Citizen,Q110875993,mass media|news media|news website,United States,English,topic+title
UC763IzqFivb2qZMrXH0JiXw,NUR.KZ,Q98046055,mass media|media company|news agency|news media,Kazakhstan,,topic:alt
UC7DDcxd92wR0LzlMKIcHDAA,Show Haber,Q6105489,mass media|news media|news program,,,topic+title
UC7DjcEEX7zUSvS3IWWX_nmw,Arutz Sheva,Q716861,mass media|media company|news media|news website|newspaper|online newspaper|radio station,Israel,English,topic+title
UC7E-LYc1wivk33iyt5bR5zQ,Vatican News,Q1034213,mass media|news media|news website,Vatican City,,topic+title
UC7IdArS3MibBKFsqckq8GhQ,National Dastak,Q55624736,mass media|news media,India,,topic+title
UC7PwfNI2zuokhCctN9VymLg,Protidiner Bangladesh,Q134592302,newspaper,Bangladesh,Bangla,topic+title
UC7QxZdogxV1gloaOBO02wiw,Aftonbladet,Q389458,magazine|mass media|news media|news website|newspaper|online newspaper,Sweden,Swedish,topic+title
UC7RQon_YwCnp_LbPtEwW65w,Evening Standard,Q666494,newspaper,United Kingdom,English,topic+title
UC7YMZb0X_W06ToOazhFuXIQ,404 Media,Q123137716,mass media|media company|news media|news website,United States,,topic+title
UC7dCZ28JQUZYno7TSlLKNoQ,Agenzia Nazionale Stampa Associata,Q392934,mass media|media company|news agency|news media,Italy,,topic
UC7eTa1b57wOoboFKH2hVdMQ,Q113229162,Q113229162,mass media|media company|news agency|news media,Ukraine,,topic
UC7fmmuxN33aSAc3Og4xRydg,Upstate Business Journal,Q55668628,newspaper,United States,,topic+title
UC7goDGF9TmNN4uwdHNR0nOQ,Q117021940,Q117021940,mass media|news media|news website|newspaper|online newspaper,Norway,,topic
UC7htuVs06oduI3xSfTdcxPA,48 Hours,Q4031546,mass media|news media|news program,,English,topic+title
UC7neeTABUnWFaCljRO5Qptw,Today's News-Herald,Q55665413,newspaper,United States,,topic+title
UC7qnYpVcuFbURi3E2E6_f6Q,Radio Svoboda Ukraine,Q85999798,mass media|news media|news website|newspaper|online newspaper|radio station,Ukraine,Ukrainian,topic
UC7ymKGCl6EVLh7z6sq7TBZA,Central News Agency,Q697130,mass media|media company|news agency|news media,Taiwan,,topic
UC81emF3ZIDQYlnoqAOwnjDg,Haber.com,Q85971100,mass media|news media|news website|newspaper|online newspaper,Turkey,Turkish,topic+title
UC83jt4dlz1Gjl58fzQrrKZg,CNA,Q40238,mass media|news media|television channel|television station,Singapore,English,topic+title
UC8BxSGcBKriJvoeyKOnJ6tA,Washington Examiner,Q255700,newspaper,United States,English,topic+title
UC8FOhz3iXhF1iqqzAFfBjmA,El Debate,Q114050859,mass media|news media|news website|newspaper|online newspaper,Spain,Spanish,topic+title
UC8GKse1bmXdiGTeqa_7KMzA,Veridica,Q124394701,mass media|news media|news website,Romania,,topic+title
UC8ROUUjHzEQm-ndb69CX8Ww,Taiwan Television News,Q19852084,mass media|news media|television channel,,,topic
UC8W3i56aH02EWBdQjLbivTw,Q140763952,Q140763952,newspaper,Mexico,Spanish,topic
UC8XBizOfQBLUrUcv_9DHCog,THE PAGE,Q86740827,mass media|news media|news website,Japan,,topic+title
UC8md0UEGj7UbjcZtMjBVrgQ,Behindwoods,Q138651888,mass media|media company|news media|news website,India,English,topic+title
UC8uoOv4RSzdZKlmPTguYjtg,Agence de presse sénégalaise,Q18708932,mass media|media company|news agency|news media,Senegal,,topic+title
UC8vTXt0W8h3islIUodGoXTw,Belgischer Rundfunk,Q815537,public broadcaster,Belgium,,topic
UC8zQiuT0m1TELequJ5sp5zw,BBC News Russian,Q4400554,mass media|news media|news website|newspaper|online newspaper,United Kingdom,Russian,topic+title
UC9-KzVv1uht44ajnTR7yvxg,Arab48,Q110503026,mass media|news media|news website,Israel,,topic+title
UC9-zaURcqaOyOA4n41ySMxA,Catersource,Q135641056|Q135641057,magazine|mass media|news media,United States,,topic
UC92Oxzg1gRXf7awoRX3GG8g,Riks,Q105715164,mass media|news media|news website|newspaper|online newspaper,Sweden,Swedish,topic+title
UC94ZFkaUg016H7c7johXL0Q,The Kookje Daily News,Q10855600,newspaper,South Korea,Korean,topic
UC96Ib645CqE3JuT-Da0LfuQ,Naked News,Q1241628,mass media|news media|news website,Canada,,topic+title
UC97O_ce8Rm7rE0hjE82joaA,OBOZ.UA,Q4329488,mass media|media company|news media|news website|newspaper|online newspaper,Ukraine,English,topic+title
UC9JOQ2qyGisxVhZK5awHQIA,The Link,Q7747429,magazine|mass media|newspaper,Canada,English,topic
UC9Ksf9o5OjzZWs2Jo8DC0Aw,Commercial Times,Q5152534,newspaper,Taiwan,,topic
UC9Myw7U_bMdDpFL_-jkh3Dw,WirtschaftsWoche,Q540072,magazine|mass media|news media|news website|newspaper|online newspaper,Germany,German,topic+title
UC9dzpl4QlegNww6aHEEowyw,İhlas News Agency,Q2072196,mass media|media company|news agency|news media,Turkey,,topic+title
UC9gcw8-7IzzaosI4c0KCP0g,Cash Investigation,Q2941007,mass media|news media|news program,,,topic+title
UC9ipWt3PNhs6sZ_niPRoYLw,HotNews,Q5912417,mass media|news media|news website|newspaper|online newspaper,Romania,Romanian,topic
UC9j7m_ojWQuVlpwq2FxuRuA,Q25450114,Q25450114,newspaper,United Arab Emirates,,topic
UC9jY5IcAA99wX8MZQ9K9r-Q,The Electronic Intifada,Q2227214,mass media|news media|news website|newspaper|online newspaper,United States,English,topic+title
UC9sXw4ZdPEIp6bYGvLW-_iA,VPRO,Q1282036,public broadcaster,Netherlands,,topic+title
UC9xCeMuB9TmzrPxWzoBOMfw,EdSource,Q116820813,mass media|news media|news website,United States,,topic+title
UC9yEY5xcGcmQsPDGpwiYTWQ,Almost Daily Cult News,Q130608207,mass media|news media|news website,,,topic
UCA10sIJzq2dzE9AE9RQY0EA,Ukrainian National News,Q20097095,mass media|media company|news agency|news media|news website|newspaper|online newspaper,Ukraine,,topic
UCA449AY-qrJsvE7HX8MZVog,CNN Greece,Q108400128,mass media|news media|news website,Greece,,topic+title
UCA68-dPm9s8tWuSOFC0m0LQ,Q131741908,Q131741908,mass media|news media|news website|newspaper|online newspaper,Italy,,topic
UCAHOA5yyCCtSLsa0v2jr_yA,Q138610500,Q138610500,mass media|news media|news website,Turkey,,topic
UCAKB9wGGRccBDrvbbbmgetw,Norddeutscher Rundfunk,Q201275,mass media|news media|public broadcaster,Germany,,topic
UCAUHoE2Ykw0sguyi5AjhrjQ,Q13422005,Q13422005,mass media|news media|news website|television channel|television station,Iraq,,topic
UCAeWdyKJXGWmVAXFpgLNNTg,CBS Evening News,Q700402,mass media|news media|news program,,,topic+title
UCApLxl6oYQafxvykuoC2uxQ,Bloomberg HT,Q6087645,mass media|news media|news website|television station,Turkey,,topic
UCAuzsUtmDGpgZ-T9pg6NlgA,Ukraїner,Q85987519,mass media|news media|news website|newspaper|online newspaper,,,topic+title:alt
UCB0NxICFmGabAalD46J2i4A,Radiodiffusion Télévision de Djibouti,Q3416986,public broadcaster,Djibouti,,topic
UCB3Ws4PMU2f1UT0x5prMG2w,Al Majalla,Q7749675,magazine|mass media|news magazine|news media,,English,topic
UCB58cDLM3zZlgV6iIG9bdoQ,Dhaka Tribune,Q17064633,newspaper,,,topic+title
UCBMrOkjg3AbvLS5g1MhtlRQ,Drop Site News,Q127429085,mass media|news media|news website,United States,English,topic+title
UCBP0Ym0Z5dGh7U72VTtstoQ,Orange News,Q30950156,mass media|news media,,Standard Chinese,topic
UCBRWjgdwXsnWMI9-VKc4hWQ,Sol Play 91.5,Q136328055,mass media|news media|news website|newspaper|online newspaper|radio station,Argentina,,topic+title
UCBdj3-wcKGJXwmGjZdBOFHw,Searchlight,Q113268665,newspaper,,English,topic+title
UCBm4j5z_buTSr3q0iBHcVtw,Q60847986,Q60847986,newspaper,,German,topic
UCByY6kp5cVRCcR59eQz9hwQ,Global South World,Q139961274,mass media|news media,United Kingdom,English,topic+title
UCC-C46T69Ymv3WBeYMAFMRQ,Antara,Q571116,mass media|media company|news agency|news media,Indonesia,,topic+title
UCCCg3dqWsgGcBf2W8CbWCxw,BGodInspired,Q139601883,mass media|news media|news website|newspaper|online newspaper,United States,American English,topic+title
UCCCjc1piE1mIrhcE3ejENeA,Reporte Indigo,Q86493820,mass media|news media|news website|newspaper|online newspaper,Mexico,,topic+title
UCCKjgCudsO_Q52HJrmeb1wQ,Prachatai,Q6579863,mass media|news media|news website|newspaper|online newspaper,Thailand,English,topic+title
UCCPvLUrjzOd3bNBMdBryv_w,Nos Cogió La Noche,Q141387507,mass media|news media|news website,Colombia,Spanish,topic+title
UCCV5Z2DEYnUGIY_mO-AcQKw,I gryanul Grem,Q114240144,mass media|news media,,Russian,topic
UCChMBgirwM2nnT3Bbe8METQ,Now News,Q10851945,mass media|news media|television channel,,,topic+title
UCD9r4xLAK7hdlrqGB2lb2yg,Alroeya,Q107105628,newspaper,,Arabic,topic
UCDCJyLpbfgeVE9iZiEam-Kg,CTS News Information Channel,Q5014619,mass media|news media|television channel|television station,Taiwan,,topic
UCDGfqLmr_WTJlWdI4ih2eDg,Middle East News Agency,Q2410136,mass media|media company|news agency|news media,Egypt,Arabic,topic
UCDIbFDqt1o6YuRzGEsNRnCQ,Razvorot,Q125025428,mass media|media company|news media,,Russian,topic
UCDR2gVFmKy9xRU09ibm5S0A,Newsroom,Q48795745,mass media|news media|news website,New Zealand,,topic+title
UCDfNrxA5dMp0co1siQOLrjg,Catholic News Service,Q5053212,mass media|media company|news agency|news media,United States,,topic+title
UCDjrRSCW1qGlivzKOAFYr_w,Osservatorio Balcani e Caucaso Transeuropa,Q22442821,mass media|news media|news website|newspaper|online newspaper,Italy,,topic+title
UCDuSNexflm9nFKXLeMlqN2Q,Strana.ua,Q30889269,mass media|news media|news website|newspaper|online newspaper,Ukraine,,topic+title
UCDvIeLuH5wmndQ55cXeKtXw,Fakir,Q3064698,newspaper,France,French,topic+title
UCE5eUQGzxg7KtLuKCmyq9pw,Novye Izvestia,Q2377626,mass media|news media|news website|newspaper|online newspaper,Russia,Russian,topic
UCEC4D0dTTJr_EEnEJz15hnQ,News Channel 24,Q4030314|Q97961177,mass media|news media|news website|newspaper|online newspaper|television channel,Ukraine,Russian,topic+title
UCEJf5cGtkBdZS8Jh2uSW9xw,stirileprotv.ro,Q138856184,mass media|news media|news website,Romania,Romanian,topic
UCEOTRMgfd7uXZD6goFTQP6A,Pulzo,Q62129644,mass media|news media|news website|newspaper|online newspaper,Colombia,Spanish,topic+title
UCER4rvDnRBPr_ncYW4UCZjg,tvOne,Q3476210,mass media|news media|television station,Indonesia,,topic
UCESBL3qcbb9jLw7jq9gh4nQ,The i Paper,Q1943651,newspaper,United Kingdom,British English,topic+title
UCEW1QlFX_ito4gd3QXxyt5Q,Minfin.com.ua,Q115860978,mass media|news media|news website|newspaper|online newspaper,Ukraine,Russian,topic
UCEeRjPTPfBfAZhBBIgtUo8g,Q12697551,Q12697551,newspaper,Malaysia,Malay,topic
UCEfC_TEr_nmbCcVeDHUgzjg,Sovetskaya Belorussiya – Belarus' Segodnya,Q2991208,mass media|news media|newspaper,Belarus,Russian,topic
UCEl68IGjU5vJtNO5rjE1gJA,aktiv,Q294279,newspaper,,German,topic+title
UCEn99hD6NygfFa5W8MW0M0A,Wired Italia,Q65125387,magazine|mass media|newspaper,Italy,Italian,topic+title
UCEwKMXfktjqfaT9JoPB6r-A,The Better India,Q60740702,mass media|news media|news website,India,Hindi,topic+title
UCExcZNwh_3Mwm4fF4VSiu2w,Nieuwsuur,Q1836627,mass media|news media,,,topic+title
UCF2Z3n9P_WUDi9TDFHys9SQ,BusinessTech,Q111187198,mass media|news media|news website|newspaper|online newspaper,,,topic+title
UCF4Wxdo3inmxP-Y59wXDsFw,MBC Newsdesk,Q6495373,mass media|news media|news program,,Korean,topic
UCF6nSR3lD_4dVGa8U8TBsCg,PMG.ua,Q137286278,mass media|media company|news agency|news media|news website|newspaper|online newspaper,Ukraine,Ukrainian,topic+title
UCFCf--dLooq56qFM5KPmKfg,Shimbun Akahata,Q1186339,magazine|mass media|newspaper,Japan,Japanese,topic
UCFCfp_c4SVNrJz_6qem7NyQ,Q124288843,Q124288843,magazine|mass media|newspaper,Netherlands,Dutch,topic
UCFFuMGTQXLitNuiU4SIe5vQ,Quds News Network,Q76537273,mass media|media company|news agency|news media,Palestine,English,topic
UCFOUiyLVI2kLq8SMLECB7Pw,Good News From Indonesia,Q135580006,mass media|news media|newspaper,Indonesia,American English,topic+title
UCFRkqOONCkI5jJ3oYFzJjvA,The New Voice of Ukraine,Q20093911,magazine|mass media|news media|news website|newspaper|online newspaper,Ukraine,English,topic
UCFTS8s8mOgz-Qb-UvB7fYqQ,Svobodnaya Pressa,Q4411093,mass media|news media|news website|newspaper|online newspaper,Russia,Russian,topic
UCFacsR8uPA4zjc883Hwrvng,Brighton and Hove News,Q122624545,mass media|news media|news website,United Kingdom,English,topic+title
UCFb-u3ISt99gxZ9TxIQW7UA,DVTV,Q16946930,mass media|news media|television channel,Czech Republic,Czech,topic+title
UCFi6KzfbvhTQH1LGzLYStFw,Cyrustimes,Q139827156,mass media|news media|news website|newspaper|online newspaper,Indonesia,Indonesian,topic+title
UCFnfs1hbd4oJXcEsQe4EYrw,Hunterbrook,Q125522218,newspaper,,,topic+title
UCFt4-ryWu3wYbKOkwY1yiTw,Efimerida ton Syntakton,Q20638209,newspaper,,Greek,topic
UCFufE3paIhKaXz6wIl8bQcQ,Poets & Quants,Q123239896,mass media|news media|news website,United States,English,topic+title
UCG-Et3jfinzlQql4uEYjAVw,Sveriges Television,Q215363,media company|public broadcaster,Sweden,,topic
UCG3dV-ScM6uF90sGFKMjgUQ,Q125017350,Q125017350,magazine|mass media|news media,,Russian,topic
UCG4kGP4ETdKzseQshMCCBKg,Knews,Q18109606,mass media|news media,,,topic
UCGAFtGynK5k1ZW_B0jZduMQ,The Emancipator,Q106234740,mass media|news media|news website|newspaper|online newspaper,,,topic+title
UCGFxdeUWz-NO0JuWjC2n9mA,Crític,Q20105523,mass media|news media|news website|newspaper|online newspaper,,Catalan,topic+title
UCGKYksAES1ORYtiWgEI55rQ,Medyabar,Q124759824,mass media|news media|news website|newspaper|online newspaper,Turkey,Turkish,topic+title
UCGN7_Jy7V12NspJBcxsQFyA,VietnamPlus,Q98965362,mass media|news media|news website|newspaper|online newspaper,Vietnam,English,topic
UCGONWo6kCXGwtyA8SHrHIAw,Al-Shorouk,Q12205249,newspaper,Egypt,Arabic,topic
UCG_Qif8SJIS3XxU8iqHoInw,Radio Free Europe/Radio Liberty,Q485500,mass media|media company|news agency|news media|radio station,United States,,topic+title
UCGbN-oQhbPu_ig3lv-87Pwg,Al-Rafidain TV,Q4703120,mass media|news media|news website|television channel,Iraq,,topic
UCGe1EHmk2SHt9fnpIRchvqg,il Post,Q3792882,mass media|news media|news website|newspaper|online newspaper,,Italian,topic
UCGoLa-QhHmTxLEdjv_8dxrg,444.hu,Q21590068,mass media|news media|news website|newspaper|online newspaper,Hungary,Hungarian,topic+title
UCGp4u0WHLsK8OAxnvwiTyhA,Pathé News,Q2893565,mass media|media company|news agency|news media,United Kingdom,,topic+title
UCGsptS1u_Nz6-yIFBbzZK0g,Q126727802,Q126727802,newspaper,Russia,Russian,topic
UCGy6uV7yqGWDeUWTZzT3ZEg,Rebel News,Q19866755,mass media|news media|news website,Canada,Canadian English,topic+title
UCH1oRy1dINbMVp3UFWrKP0w,Good Morning America,Q825946,mass media|news media|news program,,,topic+title
UCH65st7hkRdchprU2fMcerg,Q124339466,Q124339466,newspaper,,,topic
UCHBDXQDmqnaqIEPdEapEFVQ,Xinhua News Agency,Q204839,mass media|media company|news agency|news media,People's Republic of China,,topic
UCHBv5vSp3pETSLq8oWTsmqA,Era News,Q5384778,mass media|news media|television channel,Taiwan,,topic
UCHDXXHPrz-1GVbK_qk82hBQ,Deccan Herald,Q1181753,newspaper,India,English,topic+title
UCHJ8gW2vKH5R3VohymtBCrQ,Híradó,Q1161091,mass media|news media|news program,,,topic+title
UCHMl6cx4Q1JsvTwAT2gA8Vw,Busan Ilbo,Q608410,newspaper,South Korea,Korean,topic
UCHWB1dvebBlXIHUSuUQSrxQ,Krytyka Polityczna,Q655104,magazine|mass media|newspaper,Poland,Polish,topic+title
UCHXvjavEtkPFJCfGlm0wTXw,Kyunghyang Shinmun,Q497170,newspaper,South Korea,Korean,topic
UCHYlN_WxQytvVZu3dNWd7lQ,Lviv Media,Q117288740,mass media|news media|news website,Ukraine,,topic+title
UCHbWS1ux3GuMNvrsOnb9ccQ,Correo del Caroní,Q5789313,newspaper,Venezuela,Spanish,topic+title
UCHorQulYsTk46YvIOwWE6sw,Ad-Dustour,Q4678064,newspaper,Jordan,English,topic
UCHpw8xwDNhU9gdohEcJu4aA,The Guardian,Q11148,newspaper,United Kingdom,English,topic+title
UCHqC-yWZ1kri4YzwRSt6RGQ,Right Side Broadcasting Network,Q27629636,mass media|news media|news website,United States,,topic+title
UCHs8PbPCfni0BmT7w9q1Zgg,Q123576057,Q123576057,mass media|news media|news program,,,topic
UCHtrgacI-14jCFa197-4wHQ,Workers' Politics,Q67520227,mass media|news media|news website|newspaper|online newspaper,Argentina,Spanish,topic
UCI3EXOyQ5_imsQJs5pq28XQ,El Independiente,Q135012540,newspaper,Spain,Spanish,topic+title
UCI4mta4pWhYhPSLhjmUAfZQ,Mainichi Shimbun,Q1136866,newspaper,Japan,Japanese,topic
UCI5MioziUGodOkQdDTeJm2A,Q105241558,Q105241558,mass media|media company|news agency|news media,Mexico,,topic
UCI8DegIWgK51cGakXcf1dOQ,Arab News,Q623659,newspaper,,English,topic+title
UCI8XeBXcahsbsR2XA9gIWoQ,DOXA,Q106512525,magazine|mass media|newspaper,Russia,Russian,topic+title
UCI8obY7X3qi6GnS1ZWKztMw,BatiActu,Q114090040,magazine|mass media|news media|news website|newspaper|online newspaper,,French,topic+title
UCIFX9h9nwvTx8GaO8FSIEJg,Real Live News,Q11393909,mass media|media company|news media|news website|newspaper,Japan,,topic
UCIIkOzwZIdLfHa4Q13dQrkw,Deutsche Welle Bengali,Q16345524,mass media|media company|news agency|news media,Bangladesh,,topic
UCIJXOvggjKtCagMfxvcCzAA,Sky News Arabia,Q2201035,mass media|news media|news program|television channel|television station,United Arab Emirates,,topic
UCILYNzZvWNUPaALmDJBIMAw,Channel Dinraat,Q48729815,mass media|news media|television channel,India,Bangla,topic+title
UCISgnSNwqQ2i8lhCun3KtQg,Sansad TV,Q106253885|Q7286502,mass media|news media|television channel|television station,India,Hindi,topic+title
UCIusLv5aQubqzuyVQGEjSug,Vzglyad,Q1970600,mass media|news media|news website|newspaper|online newspaper,Russia,Russian,topic
UCIwZ1tpMyb_inF_9rHC8Zzg,WEHO Times,Q116783518,mass media|news media|news website,,English,topic+title
UCIzXayRP7-P0ANpq-nD-h5g,The Sun,Q208875,newspaper,United Kingdom,English,topic+title
UCIzk1xJKhTtb3fyHyu44o6Q,Bucks County Herald,Q55668575,newspaper,United States,English,topic+title
UCJAQQN2pTQY0eyB05PInceg,The Arizona Mirror,Q111013865,mass media|news media|news website|newspaper|online newspaper,United States,,topic+title
UCJBJn_DAtgS6cF3QEom_CpQ,democrata.es,Q136374312,mass media|news media|news website|newspaper|online newspaper,Spain,Spanish,topic+title
UCJFOER35ggIWwsXh2ZDnqyg,The Economic Times,Q1954757,newspaper,India,English,topic+title
UCJN75PLD50xD6FIa3dtohJw,DCReport,Q125543329,mass media|news media|news website,United States,,topic+title
UCJPny77nNKt9Jv9D9a7_qrg,mandiner.hu,Q63165483,mass media|news media|news website|newspaper|online newspaper,Hungary,Hungarian,topic+title
UCJUrX-ElIk-INr7aQHkEyAQ,Insurance Times,Q109376339,mass media|newspaper,,,topic+title
UCJVTsYjG0KLNWL6OyHx7ZGw,Nexo Jornal,Q42715828,mass media|news media|news website|newspaper|online newspaper,Brazil,,topic+title
UCJXfbDrhFskU3ImODCaWr1A,Dagens Nyheter,Q1126918,newspaper,Sweden,Swedish,topic+title
UCJc6b2Bf2olt5_XfQpZ5GJA,Willamette Week,Q1750565,newspaper,United States,English,topic+title
UCJekW1Vj5fCVEGdye_mBN6Q,Samaa.tv,Q106695309|Q7408411,mass media|news media|news website|television station,Pakistan,,topic+title
UCJv_pFLPfu6Z7b5lJAdis_Q,AbruzzoWeb,Q118869332,mass media|news media|news website|newspaper|online newspaper,Italy,Italian,topic+title
UCK5oVVOov765YXo0uEtj12Q,NUR.KZ,Q98046055,mass media|media company|news agency|news media,Kazakhstan,,topic
UCK61nMyq9bYju554DZWdUXw,Q131911965,Q131911965,mass media|news media|news website|newspaper|online newspaper,Ukraine,Russian,topic
UCK6FgUDllyt6loLQPQP1zjQ,Nizhegorodskaya Pravda,Q4318632,newspaper,,Russian,topic
UCK6c4qk3hRaa6fMIEZrhiXQ,Tribun Timur,Q12522332,newspaper,Indonesia,,topic+title
UCKCVeAihEfJr-pGH7B73Wyg,Ukrainian Independent Information Agency,Q2095222,mass media|media company|news agency|news media,Ukraine,,topic
UCKFykihK_HetVjH_JPU3N3w,Q140680236,Q140680236,public broadcaster,Netherlands,,topic
UCKK1JzwJzAVVJToQ4ezjDtg,Kikar HaShabbat,Q6262613,mass media|news media|news website|newspaper|online newspaper,,Hebrew,topic
UCKN3AqdDXIkZrHaMkA8hdkg,Watan News Agency,Q129177312,mass media|media company|news agency|news media,Palestine,,topic+title
UCKNT5nrVgFst48AXQAFuH1Q,infoLibre,Q16578645,newspaper,Spain,Spanish,topic+title
UCKTka4Ofp4aW2enMCMYS9Qg,SAY ALWAYS TRUTH,Q139622898,mass media|news media|news website|newspaper|online newspaper,Bangladesh,,topic+title
UCKVxUfdtZsqtg3B3-wjrLOA,Q269300,Q269300,mass media|news media|news website|newspaper|online newspaper,Switzerland,French,topic
UCKY1msUI1iVtnKHPaLOsiQg,Yahoo News,Q3044717,mass media|news media|news website,,,topic+title
UCKbhCXpZwAmFN4UHeT8HTjA,Jugantor,Q6304791,newspaper,Bangladesh,Bangla,topic+title
UCKh-hDdf5jRqvgPTTTU7pDw,Kirkko ja kaupunki,Q5406574,newspaper,,Finnish,topic+title
UCKjU3KzdbJE1EFcHVqXC3_g,The National,Q2413021,mass media|news media|news program,,,topic+title
UCLEhuU5yv0T4WBjntWoUSXw,Veryansın TV,Q120395570,mass media|news media|news website,Turkey,,topic+title
UCLTywN06xv2K8Wz1fSGQS_g,Vechernyaya Moskva,Q2614109,newspaper,Russia,Russian,topic
UCLYWo70xBDrPYJgJsxoX7Qg,Green Bean Media,Q122920928,mass media|news media,United Kingdom,Yue Chinese,topic+title
UCLe9bPt-OpIUm_0utD9cb-g,CredereMedia,Q60995743,mass media|news media|news website,,,topic
UCLgVC4vh2TIlVYRP7C_F5Wg,evening newspaper,Q106878568,newspaper,Canada,French,topic
UCLhFJ2A2Yx9Ro8dJPfBuFGw,Q30339599,Q30339599,newspaper,Spain,,topic
UCLtGUPjKLqa3zgdmhKCZONg,El Comercio,Q1324020,mass media|news media|news website|newspaper|online newspaper,Peru,Spanish,topic+title
UCLvbVJDsVX4-qoyladIiVaQ,El Observador,Q892935,newspaper,Uruguay,Spanish,topic+title
UCLxs4arZs46ZBsZ6VvDRkTw,TV 2 Kosmopol,Q12338663,mass media|news media|news website|newspaper|online newspaper|television station,Denmark,,topic+title
UCM-1sd-cXSuCsfWp8QMY_OQ,telex.hu,Q98924172,mass media|news media|news website|newspaper|online newspaper,Hungary,English,topic+title
UCM0GcCS1HPUhVxRVOvxg2ag,DCNews.Ro,Q18539605,mass media|news media|news website|newspaper|online newspaper,Romania,Romanian,topic+title
UCMBDmj_hrxj8CV-bpa8nSCQ,Confidencial,Q5160091,newspaper,Nicaragua,,topic+title
UCMEMEhlnxpkTphipw-EpFMA,Radio Ukraine,Q848966,public broadcaster,Ukraine,,topic
UCMXDdHOAhKSiK-94pWc5q1w,Carolina Journal,Q124427187,magazine|mass media|news magazine|news media,,English,topic+title
UCMXeWDOu2ztIs2LZkXGXbGw,Sports Hochi,Q7579734,newspaper,Japan,Japanese,topic
UCMlCPwzF9ibXfCTjFF9Ihmg,OBOZ.UA,Q4329488,mass media|media company|news media|news website|newspaper|online newspaper,Ukraine,English,topic+title
UCMmpLL2ucRHAXbNHiCPyIyg,ARY News,Q4653979,mass media|news media|television channel,Pakistan,Urdu,topic+title
UCMsWTbr8EdXTXsmRTWqkZMA,rabble.ca,Q3415909,magazine|mass media|news media|news website,Canada,English,topic+title
UCMtFAi84ehTSYSE9XoHefig,The Late Show with Stephen Colbert,Q18151598,mass media|news media|news program,,,topic+title
UCMywWPYWcnMqkgIOdyeYgyA,El Tribuno de Jujuy,Q135812278,mass media|news media|news website|newspaper|online newspaper,Argentina,Argentine Spanish,topic+title
UCN30-BOe1y5ZCbXLxUApE9w,El Moudjahid,Q28055931,newspaper,Algeria,French,topic+title
UCNCVuaQDvPrZ4oTKG90iqOA,Medyascope,Q65219588,mass media|news media|news website,,,topic+title
UCNHi3NPwZpHn4NRmf4SGbpw,Horizon,Q122850711,mass media|news media|news program,,,topic
UCNL0WotRzHNMbdMDzye_uFg,xabardor.uz,Q113399034,mass media|news media|news website,Uzbekistan,Uzbek,topic+title
UCNLxBzguoGLqXWA8_BtHSHA,Jiji Press,Q1688974,mass media|media company|news agency|news media,Japan,,topic
UCNPxzbEkoNcydfLrRdTb-HA,AKIpress News Agency,Q4652171,mass media|media company|news agency|news media,Kyrgyzstan,Russian,topic+title
UCNQx55HsdDj9ObVACcF5d3A,Q137291149,Q137291149|Q137464441,mass media|news media|news website|newspaper|online newspaper,,,topic
UCNVrdbEJ_n7EPoBKkNVKvfg,A Gazeta,Q18285196,newspaper,Brazil,,topic+title
UCNWh9GuY0APdpm6jwbX5JsA,Mothership,Q81189660,mass media|news media,Singapore,English,topic+title
UCNaeAMlVCgGCqOygi081I2A,actu.fr,Q97368663,mass media|news media|news website|newspaper|online newspaper,France,French,topic+title
UCO4QYN8BZS7K1dYrlSf4hqg,RTTNews,Q60748698,mass media|media company|news agency|news media|news website,,,topic+title
UCO5JA54S9TNAZ5yG3pFKCVg,News TV India,Q139986903,mass media|news media|news website|television channel,India,Hindi,topic+title
UCO9AQtN33IP53uiImJ_59OQ,Anka News Agency,Q4765940,mass media|media company|news agency|news media,Turkey,,topic+title
UCO9SfFMUHEeMXt1EKIcN1oA,Global Times,Q970443,magazine|mass media|newspaper,People's Republic of China,English,topic+title
UCOQmYq0_36XTJZKX1ngTnMw,CTXT,Q22969989,newspaper,Spain,Spanish,topic
UCOdpeidso85hQh1fvxcVwjw,Syrian Arab News Agency,Q63392,mass media|media company|news agency|news media,Syria,French,topic
UCOwAf0r6kIOj8783xDye2pQ,BNO News,Q975695,mass media|media company|news agency|news media,Netherlands,,topic+title
UCP18O2MlwlEpZ2P8G8c3F1A,Azatlıq radiosı,Q4452449,mass media|news media|news website|newspaper|online newspaper|radio station,,Bashkir,topic
UCP2Klbz_VJwBKQWbmhiMfcw,Q107382756,Q107382756,newspaper,,,topic
UCP4-EHo95N1itjsHcm-IR-Q,Q85996442,Q85996442,mass media|news media|news website|newspaper|online newspaper,Ukraine,Ukrainian,topic
UCP4BdwPKyYnfRLjSNfGAPRA,The Daily Caller,Q7728625,mass media|news media|news website|newspaper|online newspaper,United States,English,topic+title
UCP4rilfFKdjXRC1guWNZ85g,Al-Masry Al-Youm,Q2829240,newspaper,Egypt,Arabic,topic
UCP5BG7Qd0_63hscPY9mXF7g,MediaZona,Q28135463,mass media|news media|news website,Russia,English,topic
UCPFSLlkwCqpy23jwYDwAPrg,Manchester Evening News,Q3070672,newspaper,United Kingdom,English,topic+title
UCPMHvh9zY8SMRxPGA4Svrkw,Al-Dostor,Q4165433,newspaper,Egypt,Classical Arabic,topic+title
UCPNVpg-SWu9GH_8MEEAh3eg,Q116880003,Q116880003,mass media|news media|news website|newspaper|online newspaper,Brazil,Brazilian Portuguese,topic
UCPQKp70iPlC3ockBdUE7myA,Telugu Vaadi TV,Q137381615,newspaper,India,Telugu,topic+title
UCPT8yrs6YnIngJ_GrwOc7FQ,praza.gal,Q12398101,mass media|news media|news website|newspaper|online newspaper,Spain,Galician,topic+title
UCPWXiRWZ29zrxPFIQT7eHSA,The Hill,Q7739683,newspaper,United States,English,topic+title
UCPbpOnmqK8O_FC4ejdzDTHQ,Bangla Tribune,Q28126618,mass media|news media|news website|newspaper|online newspaper,Bangladesh,Bangla,topic+title
UCPczt8v8G_NtXh8vbTUOh6Q,Dainik Purbokone,Q19739647,newspaper,Bangladesh,Bangla,topic+title
UCPfFXhCgc6cciu3aYm-9AdA,Il Fatto Quotidiano,Q1051087,newspaper,Italy,Italian,topic+title
UCPvrM230bjA31uAgQPOHtEQ,L'Indipendente,Q117087647,mass media|news media|news website|newspaper|online newspaper,Italy,,topic+title
UCPxHQlsGQgibWqwgz1dkf4g,The 'Gander,Q116820681,mass media|news media|news website,,English,topic+title
UCQ2BzTiRUbL3z4K22dTB5dg,The New Arab,Q20389499,newspaper,United Kingdom,,topic
UCQMG88ek58wknvXKBWxEtvQ,ArkansasTV,Q138042495,public broadcaster,United States,,topic
UCQNjg0-yEA8LoyCcWI-j8mA,Q269300,Q269300,mass media|news media|news website|newspaper|online newspaper,Switzerland,French,topic
UCQiuf1Hi5-Tvpuh2LlhLU7w,Alerta Chiapas,Q139504989,mass media|news media|news website,Mexico,Spanish,topic+title
UCQmo59tWId4OHTdl4W320DQ,Wayka,Q105967298,mass media|news media|news website|newspaper|online newspaper,Peru,Spanish,topic+title
UCQoWYx905nWeJ4wegGmsaBg,Sahan Journal,Q104629821,mass media|news media|news website|newspaper|online newspaper,United States,English,topic+title
UCQpk4isGpLvfE_riTJc9jHA,Inc42,Q124396958,mass media|media company|news media|news website,India,,topic+title
UCQtVJ-76KjPds9evTODkq-A,The New Indian Express,Q1955025,newspaper,India,English,topic+title
UCQtg_BBCxa_iGaddhQ7_jyg,Belarusian section of Radio Free Europe/Radio Liberty,Q13028748,mass media|news media|news website|newspaper|online newspaper|radio station,,Belarusian,topic
UCR1tLg8fy9dklmhZPf0qCWQ,Q5825366,Q5825366,mass media|news media,,Spanish,topic
UCR3asjvr_WAaxwJYEDV_Bfw,EBC  News,Q5324488,mass media|news media|television channel,Taiwan,,topic
UCRKvvzAYcAwaWwT1lUlRpAQ,The Thaiger,Q117193932,mass media|news media|news website|newspaper|online newspaper,Thailand,English,topic+title
UCRSlle7mqqZdTkWtsJmdegA,Xanthi Municipal Radio,Q86508828,mass media|public broadcaster|radio station,Greece,,topic
UCRVbqma6TaIHp9E151nC8sA,Agência Pública,Q30931474,mass media|media company|news agency|news media,Brazil,,topic+title
UCReZZDDAkxI6mx_dMTB8UAg,BERLIN LIVE,Q133502410,mass media|news media|news website|newspaper|online newspaper,Germany,,topic+title
UCRt2klyaxgx89vPF8cFMfnQ,Daily Kalbela,Q118115540,newspaper,,English,topic+title
UCRuy5PigeeBuecKnwqhM4yg,Brasil 247,Q9663951,newspaper,Brazil,Portuguese,topic+title
UCRzypVq0B_yBad5eGrwBx0Q,Tunisie Numerique,Q140519314,mass media|news media|news website|newspaper|online newspaper,Tunisia,French,topic+title
UCS39xgo-p0XUnbtDSZNYFuQ,The Seoul Economic Daily,Q12601146,newspaper,South Korea,Korean,topic
UCS3maDoYHOG7WzN_ESSWC-g,The Insider,Q48940439,mass media|news media|news website,Russia,English,topic+title
UCS8NBLF9OXDJxiswG1faMZA,Montsame,Q4302210,mass media|media company|news agency|news media,Mongolia,,topic
UCSHyZxDokOBevPI5rXymIaw,Voice of America,Q228389,mass media|news media|news website|newspaper|online newspaper|radio station,United States,,topic
UCSRRURbKlPf1HwPUhjmufTg,The Free Press,Q116769322,mass media|media company|news media|news website|newspaper|online newspaper,United States,,topic+title
UCSUu1lih2RifWkKtDOJdsBA,NASASpaceflight,Q6952454,mass media|media company|news agency|news media|news website,,English,topic+title
UCSV-9ZLEhEOwgnp--Pu1nVA,Ukraїner,Q85987519,mass media|news media|news website|newspaper|online newspaper,,,topic+title:alt
UCSaf-7p3J_N-02p7jHzm5tA,The Quint,Q48734478,mass media|news media|news website|newspaper|online newspaper,India,,topic+title
UCSbOqpZWlSqMmuOUbU0CD_g,Holod,Q108839367,mass media|news media|news website|newspaper|online newspaper,,Russian,topic
UCSnk3GAeQ5JxJVXeYKT0OOQ,Nós Diario,Q80701889,newspaper,,Galician,topic+title
UCSqO8lV-ric7ow5G5q9roWw,Vot Tak,Q134391702,mass media|news media|news website|television channel,Poland,,topic
UCSzVwhxdRxRTwjBUfXBZQoQ,Humanistischer Pressedienst,Q93377876,mass media|news media,Germany,,topic
UCTDEBaR0vOShVr9JqgcC38Q,Q28688567,Q28688567,mass media|news media|news website,Japan,,topic
UCTJ6SPkk45wPvUpa8RK2x9A,Twój Kurier Olsztyński,Q140701184,mass media|news media,Poland,Polish,topic+title
UCTJ9Aj8VDD82LFV1Yb0KoZw,Q28038513,Q28038513,mass media|media company|news agency|news media,Greece,Greek,topic
UCTOCA6osUag-hNGKKKUZXdw,Endpoints News,Q135524481,mass media|news media|news website,United States,English,topic+title
UCTP4PtUsPfpQZwiJUNtDbAQ,Q138011394,Q138011394,mass media|news media|news website,Canada,,topic
UCTRVokBibHyfBnKLwUr7AJQ,Veto,Q12231503,newspaper,Egypt,Arabic,topic
UCTXQl9t6iESczzRGNfqXqug,Q130702628,Q130702628,mass media|news media|news website,United States,English,topic
UCT_fHXxrIlPq6UEz4b64J6g,Srugim,Q16132624,mass media|news media|news website|newspaper|online newspaper,Israel,,topic
UCT_weki0minGjriIoQA0lew,CLT Daily,Q141005278,mass media|news media|news website,United States,English,topic+title
UCTchro8YRF6DZpVDJJu1_uw,El Salto,Q40013900,newspaper,Spain,Spanish,topic+title
UCThImdAnYJzELSvH0sh3aoA,FoodService Director,Q108279533,magazine|mass media|news media,United States,English,topic
UCTlSHe68QnKiZfj2kVi4XZA,Contre Attaque,Q110812161,newspaper,,French,topic+title
UCTs5x4Qdfy_cw5hp9KqBQbw,El Marino,Q18445392,mass media|news media|news website|newspaper|online newspaper,,Spanish,topic+title
UCTsY9676sB2jJJZP4_Ux1_g,Al Bayan,Q17521121,mass media|media company|news media|news website|newspaper|online newspaper,United Arab Emirates,Arabic,topic
UCTssH-0WTg5PQ8KLHyqi_fA,The Brunswick News,Q7720427,newspaper,,English,topic+title
UCTxyBu9VWUq5LXezXwy_SGg,HK01,Q22774484,mass media|news media|news website|newspaper|online newspaper,People's Republic of China,,topic
UCU7anxt4mg8i7GVKQMlIpwA,Sydsvenskan,Q1371686,newspaper,Sweden,Swedish,topic+title
UCUFLZTlEPJNr04bQeCKr0PQ,Evangelische Omroep,Q2514841,public broadcaster,Netherlands,,topic
UCUI2i_DrjQJ08dSeF-tL_NA,Ukraїner,Q85987519,mass media|news media|news website|newspaper|online newspaper,,,topic+title:alt
UCURqJEezGNkNQISHMy8fwHg,City & State,Q15059312,newspaper,,English,topic+title
UCUb3Eud50AaOiQgw5vn7Q0w,Infoeste,Q141044272,mass media|news media|news website|newspaper|online newspaper,Brazil,Portuguese,topic+title
UCUuuqZ8I8Vgtj55AWO391Cw,Derby Informer,Q55666833,newspaper,United States,,topic+title
UCV4ZdqpfiIBJIx1BBIHi3sw,The Christian Post,Q7722722,newspaper,United States,English,topic+title
UCV6K03YdIa8g64U2xIbaShw,Felesteen,Q12231001,newspaper,Palestine,Arabic,topic
UCV7dpSujy4XWzaNHTVVtYOw,Mainichi Shimbun,Q1136866,newspaper,Japan,Japanese,topic
UCVF3bTd3dxM4IfOMFCbNADA,CrazyNews,Q29048379,mass media|news media,Taiwan,Standard Chinese,topic
UCVHupqFUgMkbzm9Ama7_8gA,Epoch,Q96306301,magazine|mass media|newspaper,Israel,Hebrew,topic
UCVRxkNrC-PanvRElZgRfbbw,Colorado Newsline,Q111823482,mass media|news media|news website,United States,,topic+title
UCVSWLtm3ijS-rTwa__Ww2Rg,Q1504424,Q1504424,newspaper,Canada,French,topic
UCVSbd6GI-De_XiycLB0BXRA,Castilla-La Mancha Media,Q3330000,public broadcaster,Spain,,topic+title
UCVT1tPkR-fUVlO652EcO3ow,CBS News Sunday Morning,Q5009252,mass media|news media|news program,,,topic+title
UCVTyTA7-g9nopHeHbeuvpRA,Late Night with Seth Meyers,Q15274593,mass media|news media|news program,,,topic+title
UCVbZYhcirOke2vipxs4lT2w,Anadolu Agency,Q477436,mass media|media company|news agency|news media,Turkey,Turkish,topic+title
UCVgO39Bk5sMo66-6o6Spn6Q,ABC News,Q4650197,mass media|news media|news program,Australia,,topic+title
UCW30UMsnqZGIjLyc91DWnSQ,Democrat Gazette,Q55421729|Q55665341,newspaper,United States,,topic+title
UCW3UkCfLZBpwaGbp7gTW4XQ,Nikkan Gendai,Q11504939,newspaper,,Japanese,topic
UCWAIvx2yYLK_xTYD4F2mUNw,Echo of Moscow,Q2389338|Q749928,journalist|mass media|news media|news website|radio station,Russia,Russian,topic
UCWJkfdG6J2HUxOHrORuHZ2g,Jago News 24,Q61362171,mass media|news media|news website|newspaper|online newspaper,Bangladesh,,topic+title
UCWUIovDFZ7kc8uEZ4evQQGw,Berkeley Observer,Q55668626,newspaper,United States,,topic+title
UCWYLVV7741O3UI2DfoGT3Yw,T—J,Q125692276,mass media|news media|news website|newspaper|online newspaper,Russia,Russian,topic
UCWe-jB20mDi09llqDJlfZDg,"""Azerbaijan muallimi"" newspaper",Q12836749,newspaper,Azerbaijan,Azerbaijani,topic
UCWeXgaH6wwyTRAkA3n6sRxg,Terra,Q1135120,mass media|news media|news website|newspaper|online newspaper,Brazil,,topic+title
UCWg3QqUzqxXt6herm5sMjNw,The Stanford Daily,Q7766234,magazine|mass media|newspaper,,English,topic+title
UCWnltUvG1abWuVaXMfLohGA,Shelterforce,Q131279666,magazine|mass media|news magazine|news media,,English,topic+title
UCXArTu9W9kIu1Z9IQn_Bz7g,La Razón,Q6464783,newspaper,Bolivia,Spanish,topic+title
UCXIJgqnII2ZOINSWNOGFThA,Fox News,Q166419|Q186068,mass media|media company|news media|news program|television channel|television station,United States,,topic+title
UCXISYK3xagaK5DHnhQ4X0hw,As,Q719880,newspaper,Spain,Spanish,topic+title
UCXLPiwE0SMfB4owoNf544bA,Mada Masr,Q16486302,mass media|news media|news website|newspaper|online newspaper,Egypt,English,topic+title
UCXQR-5Obb1uAQthcWP3ejFA,Outras Palavras,Q117813990,newspaper,Brazil,,topic+title
UCXlX_HprYVigxWvfARhAu-g,WYPR,Q2538121,mass media|public broadcaster|radio station,United States,,topic+title
UCXoAjrdHFa2hEL3Ug8REC1w,Deutsche Welle,Q153770,mass media|public broadcaster|television station,Germany,,topic
UCXwGkt5192M1nWPaag0QDUw,Egemen Qazaqstan,Q512724,newspaper,,Kazakh,topic+title
UCY5z1dsuIdsMH3xbWtxhruA,Sankei Shimbun,Q1197261,newspaper,Japan,Japanese,topic
UCY8i60Jd_DPyqOB_AJut2vw,Mediawatch,Q16170841,mass media|news media,South Korea,,topic
UCYNmQ9W-0CYoW8a4thzxB0g,Israel Hayom,Q1632726,newspaper,Israel,Hebrew,topic+title
UCYOYoDmGQBDu7lPe2Qbh6pw,Zerkalo Nedeli,Q1972759,newspaper,Ukraine,Russian,topic
UCYPvAwZP8pZhSMW8qs7cVCw,India Today,Q5689808,mass media|news media|television channel,India,,topic+title
UCYRpTuLTvC7S6zfATKNfDXw,The Witness,Q112037516,mass media|news media|news website|newspaper|online newspaper,,,topic+title
UCYV-6puOGpOOLJuOHFQE_kA,Q12050678,Q12050678,mass media|media company|news agency|news media,Italy,,topic
UCYY7NKoqXuAVrVIZUH7fj3A,Belarusian section of Radio Free Europe/Radio Liberty,Q13028748,mass media|news media|news website|newspaper|online newspaper|radio station,,Belarusian,topic:alt
UCYYSLCzDmmED5hnYcFmKimA,Ottawa Citizen,Q3357762,newspaper,Canada,English,topic+title
UCYZixCNzcgknXLPdHUXQPXw,Johnson City Press,Q55671042,newspaper,United States,,topic+title
UCY_q9S5SOsIRZNUVrmHB1JQ,Nexta,Q98148856,mass media|news media|news website|newspaper|online newspaper,Belarus,English,topic+title
UCYaSzJ77u2ikHj33rXJJMVw,Paraluman News,Q138667113,mass media|news media|news website,Philippines,English,topic+title
UCYuhv8McIA_0znEhEkaCn8Q,Fort Worth Weekly,Q5472413,newspaper,United States,English,topic+title
UCYvCdX-RomwcpzCsb8hpiFA,WAFA,Q2915969,mass media|media company|news agency|news media,Palestine,,topic+title
UCYyIQ2p2ZK3BHu5WlOUc1kA,stephanelarue.com,Q141425751,mass media|news media|news website,,French,topic
UCZ0y-ZD_Ur88Kb8E9sRtlww,Fount Media,Q140545233,mass media|news media|news website|newspaper|online newspaper,Taiwan,Chinese,topic+title
UCZ5m5Pu2ysbLgWosT14eaVA,El Tucumano,Q141055419,mass media|news media|news website|newspaper|online newspaper,Argentina,Spanish,topic+title
UCZFMm1mMw0F81Z37aaEzTUA,NDTV,Q2985356,mass media|news media|television station,India,,topic+title
UCZKxGVln-vFSOZgvopOnnQQ,Xpert Times,Q140868292,newspaper,India,Hindi,topic+title
UCZZqKhSQeS2UXos1oXvlCXA,Dziennik Zwiazkowy,Q55666454,newspaper,United States,,topic+title
UCZg2zJwbGNA6n0bQogA4GXw,S'Indipendente,Q136341628,newspaper,,Italian,topic+title
UCZijOJ1m75sq8Z28HDioEuQ,Novedades Quintana Roo,Q58979980,mass media|news media|news website|newspaper,Mexico,Spanish,topic+title
UCZpf3t79EhVe83Z76FZipCw,Inmedia,Q13164959,mass media|news media|news website,People's Republic of China,Chinese,topic
UCZvFwA9WEsYgFEXbmlGQohA,iStories,Q105322853,mass media|news media|news website,Russia,English,topic
UC_0-CVRy3rbgAMyEBxXMAcw,Göteborgs-Posten,Q1559719,newspaper,Sweden,Swedish,topic+title
UC_2_s22mExX4rh90vlRrqLg,Franc-Tireur,Q108884378,magazine|mass media|newspaper,,French,topic+title
UC_8Z1ZbhSCEMKXWVKzQ88MA,Zetland,Q24633343,mass media|news media|news website|newspaper|online newspaper,Denmark,,topic+title
UC_AFL88oKJgUJb0jK_LiOrQ,Storyful,Q19716893,mass media|media company|news agency|news media,Ireland,,topic+title
UC_ECQ7g8SDINbJDXg72HaGw,Il T Quotidiano,Q124081064,newspaper,,,topic+title
UC_HwfTAcjBESKZRJq6BTCpg,KAN 11 news,Q55649865,mass media|news media,Israel,,topic
UC_NHP59LMl5GNSUgZWBNWQQ,Tokyo Investigative Newsroom Tansa,Q109365595,mass media|news media,Japan,,topic+title
UC_OQDYeix4XTxhLbppEMSzA,Supermarket News,Q108279742,magazine|mass media|news media,United States,English,topic+title
UC_PzHuZxnyVh4jRQjpfbXUg,Philippine News Agency,Q7185413,mass media|media company|news agency|news media,Philippines,,topic+title
UC_QKonrSANHUcQz__ykt0MA,Maddyness UK,Q123505580,mass media|news media|news website|newspaper|online newspaper,France,,topic+title
UC_SnyxINMcXSAwi7H1-v0xQ,The Post,Q7757856,magazine|mass media|newspaper,United States,English,topic
UC_WgSFSkn7112rmJQcHSUIQ,Berita Harian,Q12683855,newspaper,Singapore,Malay,topic+title
UC_chM6y3JSNPK2eRLDUEBBw,Dagens Industri,Q734293,newspaper,,Swedish,topic+title
UC_ckWIqMFLcqqRysFdGrUKQ,Claremont Courier,Q55665490,newspaper,United States,English,topic+title
UC_gUM8rL-Lrg6O3adPW9K1g,WION,Q23058781,mass media|news media|television station,India,,topic+title
UC_lH9Fu7wo3u-sYblbTe0RA,fontanka.ru,Q4491769,mass media|news media|news website|newspaper|online newspaper,Russia,Russian,topic+title
UC_loa7dpMUw8tlwsqcRyNAg,Q138637290,Q138637290|Q138637938,mass media|news media|news website,,Czech,topic
UC_wMhlGmskE2Ue-400XjofQ,LB.ua,Q4256874,mass media|news media|news website|newspaper|online newspaper,,Russian,topic+title
UC_y3NcZb_eSqVuRlrVeIgAA,Tribuna do Norte,Q10384603,newspaper,Brazil,Brazilian Portuguese,topic
UC_yYvYD0V7C2Q1ciAmRvs5Q,Follow The Money,Q59799143,mass media|news media|news website|newspaper|online newspaper,Netherlands,,topic+title
UCa2gbBXGeGh-Pdtugdg_qcQ,The Western Journal,Q29096488,mass media|news media|news website|newspaper|online newspaper,United States,English,topic+title
UCa5RL3gGjVKAiMvPdQVsdYQ,Catalunya Religió,Q20107836,mass media|news media|news website|newspaper|online newspaper,Spain,Catalan,topic+title
UCaDkCK6iFHPE0lmpaYL-WxQ,Ukrinform,Q987030,mass media|media company|news agency|news media|news website|newspaper|online newspaper,Ukraine,,topic+title
UCaGmdJSSiR7fkh2A-c6emsA,G1,Q5512664,mass media|news media|news website|newspaper|online newspaper,Brazil,,topic+title
UCaK2iEBGIbmpMKbw2Op63hw,Financiarul.ro,Q141112448,mass media|news media|news website|newspaper|online newspaper,Romania,Romanian,topic+title
UCaRTo-H6Q9QZVKu9tDi-0WQ,Dnevni avaz,Q278311,newspaper,Bosnia and Herzegovina,Bosnian,topic+title
UCaVv796NV1nixzxu_nXB5vw,The Independent Barents Observer,Q109286067,mass media|news media|news website|newspaper|online newspaper,Norway,English,topic+title
UCaYXWVFYirJdDmprjozHdmA,Vilaweb,Q3312518,mass media|news media|news website|newspaper|online newspaper,Spain,Catalan,topic+title
UCaceSjcJy048RDVV8374y4g,VietnamPlus,Q98965362,mass media|news media|news website|newspaper|online newspaper,Vietnam,English,topic+title
UCaeG9NIqdx-xcZGt7ETfkpA,Khaleej Times,Q1579995,newspaper,United Arab Emirates,English,topic+title
UCajVjEHDoVn_AHsunUZz_EQ,Republic Bangla,Q105740328,mass media|news media|television channel,India,Bangla,topic+title
UCakO72p30MX6ZovWn6Zy63Q,Federal News Agency,Q59577526,mass media|media company|news agency|news media,Bosnia and Herzegovina,,topic
UCanOTowtdVwkxsF0v-kxITw,Livingston County News,Q55668297,newspaper,United States,,topic
UCang68EpdbEOJn5njA8nb5A,Q117824809,Q117824809,magazine|mass media|media company|news agency|news media,,Finnish,topic
UCaqFv9hD-XJmPMzC5Yvtneg,The Dispatch,Q85806967,mass media|news media|news website|newspaper|online newspaper,,English,topic+title
UCasoYl00U85F9QW4j5xgMNQ,Crónica Global,Q20105526,mass media|news media|news website|newspaper|online newspaper,Spain,Spanish,topic+title
UCaucp1I-auhNKQOVWdYOCqg,ToManifesto.gr,Q139901419,mass media|news media|news website|newspaper,Greece,,topic
UCb0QdT_0kRbllttDQ8-De5Q,Osprey Observer,Q55665990,newspaper,United States,,topic+title
UCb0SCTuWPy0Lgr4NBYWzuGQ,Ethnos,Q2466270,newspaper,,Greek,topic
UCb6dZ1zNAjYMSMwVpd2bFLQ,Erem Business,Q114891288,mass media|news media|news website|newspaper|online newspaper,United Arab Emirates,Arabic,topic+title
UCbBm6SZ235HFxwVKC7Po5IA,News2Share,Q108275936,mass media|media company|news media|news website,United States,,topic+title
UCbGm4DXzUniUlgUb5d810ww,Voz das Comunidades,Q65161582,newspaper,Brazil,Portuguese,topic+title
UCbNaKxi1j-Q5jWZDpJZp56g,Ukraїner,Q85987519,mass media|news media|news website|newspaper|online newspaper,,,topic+title
UCbOHze1HgtkxYeB7NU9wiUg,Montsame,Q4302210,mass media|media company|news agency|news media,Mongolia,,topic+title
UCbOWn2npmKyqY_QX_MMZJ0Q,The Peninsula,Q7756544,newspaper,,English,topic+title
UCbXd9Cq1lHLZMVoHakv1GCg,PR TIMES,Q59186556,mass media|media company|news agency|news media,Japan,Japanese,topic+title
UCbnJMCY2WSvvGdqWrOjo8oQ,Youm7,Q4119059,newspaper,Egypt,Arabic,topic
UCbtlA3A-Ka5Ip5vo6NJ0RKA,Hetq Online,Q5748001,newspaper,Armenia,English,topic
UCbx4twDD-hVLdXFSqWiRUng,VPRO,Q1282036,public broadcaster,Netherlands,,topic+title
UCc3cBMPnUvyP4-pz_nYuXGg,La Prensa,Q3211909,mass media|news media|news website|newspaper|online newspaper,Nicaragua,Spanish,topic+title
UCcAEC9coM_6RmX0NHOfAbyQ,El Latino San Diego,Q55665687,newspaper,United States,,topic+title
UCcETUZIsyfh3Lp2EP5EVbQw,Medemblik Praat,Q130475822,mass media|news media|news website|newspaper|online newspaper,Netherlands,Dutch,topic+title
UCcLjimhzpEZCMeL2ItGpLAg,Fairfield County Business Journal,Q55665894,newspaper,United States,,topic+title
UCcN4ENZcg3rB2iBexNRuz2A,Omroep Zeeland,Q2479307,mass media|news media|news website,Netherlands,,topic+title
UCcP_lo1gEmnVAWe2WjRSvCg,Pulse Senegal,Q105269594,mass media|news media|news website|newspaper|online newspaper,Senegal,French,topic+title
UCcVAtohocjE7tkPmfK4Wlxw,Khaama Press,Q6398758,mass media|media company|news agency|news media|news website|newspaper|online newspaper,Afghanistan,English,topic+title
UCcXngksKUkE4sLl5Jgg9w5w,New Age,Q16764706,newspaper,Bangladesh,English,topic+title
UCcgI4-HdktIoAaRLOPgY9qQ,Trend News Agency,Q12251183,mass media|media company|news agency|news media,Azerbaijan,English,topic+title
UCckz6n8QccTd6K_xdwKqa0A,Agence France-Presse,Q40464,mass media|media company|news agency|news media,France,,topic
UCclIlP3EtlxWLM4TFKAA7Wg,Algeria Press Service,Q1162323,mass media|media company|news agency|news media,Algeria,,topic+title
UCcnbklgNqpqyYNyI66UnN4A,Montana Free Press,Q85786163,mass media|news media|news website,United States,,topic+title
UCd4prmyHlH43z8Tpk_DlnHA,Tatar-inform,Q20591695,mass media|media company|news agency|news media,Russia,Russian,topic
UCdPB7J77CNSNWC6Qh3Ys1fg,+972 Magazine,Q4454786,magazine|mass media|news media|news website|newspaper|online newspaper,Israel,English,topic+title
UCdS4i7wSZucYoSx_o7IptDQ,gazeta.ua,Q47080752,mass media|news media|news website|newspaper|online newspaper,Ukraine,,topic+title
UCdb_grOKaSOfg7n6x5BUo1A,Electronic organization for humanitarian media,Q121831758,mass media|news media,Yemen,,topic
UCdgTEm2PUItEF5NTyOrCLIA,UAportal,Q110598051,mass media|news media|news website|newspaper|online newspaper,Ukraine,Russian,topic+title
UCdp4_yTBhQmB8E339Lafzow,The Chosun Ilbo,Q483924,newspaper,South Korea,English,topic
UCdvuuMVutDaWMvGW3ZWv7bg,The Chenab Times,Q112168954,mass media|news media|newspaper,,English,topic+title
UCe-O-tGgzpiFpOqgwh-WmOA,Q133801296,Q133801296,mass media|news media|news website,,,topic
UCe4z-Xsj83_9MfrYgOg4hKg,Q-Notes,Q7265281,newspaper,,English,topic
UCeF6zU4ao8B0HSkHe-ceA3w,Makor Rishon,Q601702,newspaper,Israel,Hebrew,topic
UCeG7m5-AJ4I0H4EIleIty4Q,The Daily Prothom Alo,Q2156338,newspaper,Bangladesh,,topic+title
UCeHbMlHDec5NmJfiQXMYGXQ,Unicorn Riot,Q28136472,mass media|media company|news agency|news media,United States,,topic+title
UCeLc4heXqG9dtL7jiPHMBfQ,The Epoch Times,Q584472,newspaper,United States,multiple languages,topic+title
UCeLhDmZkX4vObMSOpewXJBA,Nasha Niva,Q1272304,magazine|mass media|news media|news website|newspaper|online newspaper,Belarus,Russian,topic
UCeRgg1LlhMyGRFwaniNyDeA,Echo,Q114398988,mass media|news media|news website,Germany,Russian,topic
UCeY0bbntWzzVIaj2z3QigXg,NBC News,Q2877626,mass media|media company|news media|news website|newspaper|online newspaper|television channel|television station,United States,,topic+title
UCe_VgLz1y99hUF1q5ppQesA,Denník N,Q20051147,newspaper,Slovakia,Slovak,topic+title
UCe_fJ4zOGgPhswJkSRUGxUA,Cagdas Kocaeli,Q138610686,mass media|news media|news website|newspaper|online newspaper,Turkey,Turkish,topic+title
UCeeIVm3bKqeidZBKMUoTdBA,Q134363319,Q134363319,mass media|media company|news agency|news media,Greece,,topic
UCef1-8eOpJgud7szVPlZQAQ,CNN-News18,Q1023924,mass media|news media|news website|television channel|television station,United States,English,topic+title
UCelevrrg2g7NdlrJMPrunhw,Bahia Notícias,Q100243255,mass media|news media|news website,Brazil,,topic+title
UCepda0DttkF-Pk7dYnKs7Xw,OberpfalzECHO,Q125824137,mass media|news media|news website|newspaper|online newspaper,Germany,German,topic+title
UCevYVGcxaEnt6bss0l57gXQ,Quê Hương Media,Q125699445,mass media|media company|newspaper|radio station|television station,United States,Vietnamese,topic+title
UCew8bLiDgkU7_Cci-YP8iGA,Documento,Q77071263,newspaper,,Greek,topic+title
UCewCc-SFaYvMX__bRx9Y6aw,Salidarnast (newspaper),Q12150328,mass media|news media|news website|newspaper|online newspaper,Belarus,Russian,topic
UCfC_tMmlR4FPRmnBmOqxv6w,Deebs Magazine,Q131404410,magazine|mass media|news media|news website,Angola,Portuguese,topic+title
UCfCk_ylzLy6nz2NpW25DY5w,Expressen,Q971383,newspaper,Sweden,Swedish,topic+title
UCfiwzLy-8yKzIbsmZTzxDgw,Al Jazeera,Q13477,mass media|news media|news website|television station,Qatar,,topic
UCfqSMELWF9cQPbiB74gYuWA,Enab Baladi,Q22080795,mass media|news media|news website|newspaper|online newspaper,Syria,Arabic,topic+title
UCfrlkifp1NKxUnONQi4IFqA,Rappahannock News,Q55671340,newspaper,United States,,topic+title
UCg-Ba0Ib9k_Nae4ciNYa5jw,Svenska Dagbladet,Q1504847,newspaper,Sweden,Swedish,topic+title
UCg4eb1u9lp8caKH5tlabiJg,Mash,Q48954641,mass media|news media|news website|newspaper|online newspaper,Russia,,topic+title:alt
UCg8EwsqYmiw7G267xxPyXsg,NOWnews,Q10883984,mass media|news media|news website,Taiwan,,topic+title
UCgDEOg6uiTmYweYkGQaJZYQ,Q132038572,Q132038572,mass media|news media|news website|newspaper|online newspaper,Belarus,Russian,topic
UCgFP46yVT-GG4o1TgXn-04Q,China Uncensored,Q53330288,mass media|news media|news program,,,topic+title
UCgK8xt3OJKTWbPYL9YnYYnw,Outsports,Q7113031,mass media|news media|news website,United States,,topic+title
UCghYkAMuDrjjHX3Fd5zwXEg,Ukraїner,Q85987519,mass media|news media|news website|newspaper|online newspaper,,,topic
UCgp4A6I8LCWrhUzn-5SbKvA,TVC News,Q28401298,mass media|news media|television station,Nigeria,English,topic+title
UCgv0NMB-tp7Y0oMZ-cski8w,D-Cuba,Q140307968,mass media|news media|news website,,Spanish,topic+title
UCgxXuXHJ4VwovSTvDiWlzZQ,PTS Talks,Q11092221,mass media|news media|news program,,,topic
UCh3MNRzicd8Yb_EX3Ml2JNA,Luxemburger Wort,Q1751317,newspaper,Luxembourg,French,topic+title
UChDQ6nYN6XyRU-8IEgbym1g,Recorder,Q131405470,mass media|media company|news media|news website|newspaper|online newspaper|television channel,Romania,Romanian,topic+title
UChdzltlbgLBpV3KbvzX89Qw,El MIRA,Q62009565,mass media|news media|news website|newspaper|online newspaper,Spain,Spanish,topic+title
UChnN1D-OCyACuu1KDscKlwA,Village Ukraine,Q119361981,mass media|news media|news website|newspaper|online newspaper,Ukraine,,topic+title
UChparf_xrUZ_CJGQY5g4aEg,Ukrainska Pravda,Q904463,mass media|news media|news website|newspaper|online newspaper,Ukraine,English,topic
UCi-edpUjtqD7YzmukwxG72Q,Libertatea,Q6541479,newspaper,Romania,Romanian,topic+title
UCi1DyiNlqBF6myQeFujJeww,Jewish Insider,Q116775079,mass media|news media|news website,,English,topic+title
UCi7Zk9baY1tvdlgxIML8MXg,CTV News,Q5014635,mass media|media company|news agency|news media,Canada,,topic+title
UCi7oQBZ4Amu_xPxc78F970A,Snoop.ro,Q133252363,newspaper,Romania,,topic+title
UCiJ6RBthQvEPI4UsSNtM8jw,Radio Azattyq,Q120483504,mass media|news media|news website|newspaper|online newspaper|radio station,Kazakhstan,Russian,topic+title
UCiOrOk3NQGW2GafvjLJknMA,The Korea Times,Q486950,newspaper,South Korea,English,topic+title
UCiV4foEjB0C37HU5ZXIKv3A,Q140398679,Q140398679,mass media|news media|news website|newspaper|online newspaper,Colombia,Spanish,topic
UCiWMFQCGvwGSc8QWHOqcQhw,RFE/RL's Russian Service,Q120484020,mass media|news media|news website|newspaper|online newspaper|radio station,,Russian,topic
UCicmqOz0mgEUY_NqgEbWy1A,La Derecha Diario,Q136658631,mass media|news media|news website|newspaper|online newspaper,Argentina,,topic+title
UCidVj2yCg1jQrvXsfA01eWQ,The Standard,Q908244,newspaper,,English,topic+title
UCip8ve30-AoX2y2OtAAmqFA,NHK,Q212128,mass media|public broadcaster|radio station|television station,Japan,,topic+title
UCisowXt5wZkp2sR3rFh9lnQ,Q136932915,Q136932915,mass media|news media|television channel|television station,Israel,,topic
UCiyr8eopCxMT5YBZlK7-v3A,Idel.Realities,Q109731240,mass media|news media|news website|newspaper|online newspaper,Russia,Russian,topic+title
UCj3HQ6UFUegmIvSH4NBGfxQ,Q896716,Q896716,newspaper,,German,topic
UCj3_t5p4L4aFsvdW3uHjnnw,Yonhap News Agency,Q333206,mass media|media company|news agency|news media,South Korea,,topic
UCj41LMgg5G085QyTsSgy1TQ,Accuracy in Media,Q4167245,mass media|news media|news website,United States,,topic+title
UCjC_j2F4ftvkaN3oXGcXzTA,PRESIDENT Online,Q118213518,mass media|news media|news website,,,topic
UCjENGnZvswkYwNiNMfDoIeg,Shargh,Q4819149,newspaper,,,topic
UCjV6LnXFtXzWoYxnq-zIvXw,The Guardian,Q7738431,newspaper,Nigeria,English,topic
UCjXAR6zEMWNgRqEjP9gt1TA,Delo,Q3487776,newspaper,Slovenia,Slovene,topic+title
UCjdTlmtMC1H6i4wQ2FTfYKA,The Cambodia China Times,Q130757719,mass media|news media|news website,Cambodia,Chinese,topic
UCk-KRpkMl4JRE97-gaDusQA,Yicai Global,Q48913702,mass media|news media|news website,,English,topic+title
UCk-rlf99uFhzNSu5VrhNsmA,Yeongnam Ilbo,Q16178885,newspaper,South Korea,Korean,topic
UCk34DAiWZ1hTX9uOKnHgyow,Lietuvos rytas,Q1824397,newspaper,Lithuania,Lithuanian,topic
UCk57CNPiYHAK9XdMc1fq7uQ,PRESIDENT Online,Q118213518,mass media|news media|news website,,,topic+title
UCk6JMYUcGDarZYNb-mPPLPA,L'Alternative,Q118524810,newspaper,Togo,French,topic+title
UCk77z4G2lg2_wFoFRz6XZSg,Prabhasakshi,Q15658392,newspaper,India,Hindi,topic+title
UCk8a6ogkkg1EcVysur1Wb9A,Ming Pao,Q1674139,newspaper,People's Republic of China,Traditional Chinese,topic
UCkC8OTZmPhHVk_p5PDxfBUQ,Unseen Japan,Q131703147,mass media|news media|news website|newspaper|online newspaper,Japan,,topic+title
UCkCYv06O4w0GOfdW2Ey8jvg,The Objective,Q30034736,magazine|mass media|news media|news website|newspaper|online newspaper,Spain,Spanish,topic+title
UCkCsCF9VgO-yXDc4rvRDydA,Ziarul de Gardă,Q8071383,mass media|news media|news website|newspaper|online newspaper,Moldova,English,topic+title
UCkPGvIEUEmSXxLkOHWSL54w,Coin World,Q5141538,newspaper,,English,topic+title
UCkZ8KLm2sYMGyFcwNnNHkBg,Q106807396,Q106807396,newspaper,,French,topic
UCkfQzn6AmOxzO9Kzrlj6FSQ,newsbeast,Q114688229,mass media|news media|news website,Greece,,topic+title
UCkjItKWXaynj7EPfQ-harrQ,Courthouse News Service,Q5178516,mass media|media company|news agency|news media,United States,,topic+title
UCkmJ-kO_vjVa78kKvirsysQ,Business Insider Japan,Q118512270,mass media|news media|news website,,,topic
UCknIh8AmcLJAhfDycFyddHg,14ymedio,Q18343421,mass media|news media|news website|newspaper|online newspaper,Cuba,Spanish,topic+title
UCknKEREcKsqhB9DFvT61LZQ,TOLOnews,Q7670977,mass media|news media|news website|newspaper|online newspaper|television station,Afghanistan,,topic+title
UCkohPTwjkan3z7_cPylpTKg,World Journal,Q8035879,newspaper,United States,Chinese,topic+title
UCkvm5aDEB3eVufw9Qnk6qow,Cyprus Broadcasting Corporation,Q1072242,public broadcaster,Cyprus,,topic
UCkxZ5yUZFf1Vogm-scZM51A,Kontra News,Q20886000,newspaper,,Greek,topic+title
UClK6gVLWoRPRWBBeIJrCmRA,Croatian News Agency,Q3040168,mass media|media company|news agency|news media,Croatia,Croatian,topic
UClUnvhmDlINtNHs9bHoaU0A,Q107286947,Q107286947,newspaper,Belarus,,topic
UClXSeR8UCA7c_Ys6lFqxX7Q,Saudi Press Agency,Q12251169,mass media|media company|news agency|news media,Saudi Arabia,,topic
UClYCOHIp9ocjKOhkj4-TMyw,The Hamilton Spectator,Q7738681,newspaper,Canada,English,topic
UCleQuH6mATntlGW248C-6eQ,MindaNews,Q6863597,newspaper,Philippines,English,topic+title
UCliLFbDUdp5P1RQzyHYgtFQ,Seoul Shinmun,Q482744,newspaper,South Korea,Korean,topic
UClnMSAg4RVYdSLx6098RI-Q,Polish Press Agency,Q1484980,mass media|media company|news agency|news media,Poland,,topic+title
UClp20VPdEJWFrNJAXdpMV7A,Pacific Coast Business Times,Q55665715,newspaper,United States,English,topic+title
UClr942ySnwyl02ngavqNdrw,The Washington Informer,Q7773641,newspaper,United States,English,topic+title
UClwRo2CNeLwfyzR3L9ltDJw,Business Insider Japan,Q118512270,mass media|news media|news website,,,topic+title
UCm1iosBCZD1E-3rCOZVgvDg,El Khabar,Q1324287,newspaper,Algeria,Arabic,topic+title
UCm5glKgewJHdzk77qhpXNMw,Deutsche Welle,Q153770,mass media|public broadcaster|television station,Germany,,topic
UCm7lHFkt2yB_WzL67aruVBQ,Hindustan Times,Q41595,newspaper,India,English,topic+title
UCmARaX5QAWCzvfQe3jJ7Kxg,APTN National News,Q2819340,mass media|news media|news program,Canada,,topic+title
UCmBT5CqUxf3-K5_IU9tVtBg,Vietnam News Agency,Q10825953,mass media|media company|news agency|news media,Vietnam,,topic
UCmG-Pfys3eBm5yKVaYWieOg,Cincinnati Business Courier,Q55668435,newspaper,United States,English,topic+title
UCmHebs0AvwhaTJoWXxkOPLQ,The Phuket News,Q16947993,newspaper,Thailand,English,topic+title
UCmI6Qe9EiMTyJeFdmf2sgvA,Roya News,Q124335263,newspaper,Jordan,,topic+title
UCmYuiV9wAR3i8p19Ygc7izg,Folha de S. Paulo,Q1435379,mass media|news media|news website|newspaper|online newspaper,Brazil,Portuguese,topic+title
UCmbhrKMU_X7Gi47bZEEajEQ,StreetPress,Q3500224,mass media|news media|news website|newspaper|online newspaper,France,French,topic+title
UCmdVfsLHu18lCkKYXSOGUxg,CTnews,Q697429|Q9384489,mass media|news media|news website|newspaper|online newspaper,Taiwan,,topic
UCmgaN2URHsVO5bDzdXVTZRQ,Stone County Leader,Q55665370,newspaper,United States,,topic+title
UCmgnsaQIK1IR808Ebde-ssA,Breitbart News,Q4960434,mass media|news media|news website,United States,English,topic+title
UCmkgkpuRbUGzwLSpnV2nevQ,Rio TV Câmara,Q131721910,public broadcaster|television station,Brazil,,topic+title
UCmsrXvrQ1S_61vVO-fNL-Mg,The Recount,Q112633020,mass media|news media|news website|newspaper|online newspaper,United States,,topic+title
UCmthGGDfluhLV2Zt6MPWBeA,Daily News,Q55594121,newspaper,United States,,topic
UCmv5DbNpxH8X2eQxJBqEjKQ,CCTV+,Q39048616,mass media|media company|news agency|news media,People's Republic of China,,topic+title
UCn-f5Ob36KeOr-zCWdE0HTQ,The Texan,Q107643322,mass media|news media|news website,United States,,topic+title
UCn4sPeUomNGIr26bElVdDYg,NowThis News,Q16927746,mass media|news media|news website,United States,,topic+title
UCn6dNfiRE_Xunu7iMyvD7AA,Habertürk,Q5636741|Q6092925,newspaper|television station,Turkey,Turkish,topic+title
UCn7wWR5KnpX_N6ZaBNuyVYw,Westdeutscher Rundfunk,Q203453,media company|public broadcaster,Germany,,topic
UCnBAhMdvPxMqDKL-mCeENHQ,Khaosan Pathet Lao,Q431150,mass media|media company|news agency|news media,Laos,,topic+title
UCnD_UXQp6GHIHzQ-ZNbom3g,Business Online,Q30888680,mass media|news media|news website|newspaper|online newspaper,Russia,Russian,topic
UCnetEdV8EwzGn36f3pq50ZA,The Daily Samakal,Q7408501,newspaper,,Bangla,topic+title
UCoNYj9OFHZn3ACmmeRCPwbA,SET iNEWS Channel,Q10866562,mass media|news media|television channel,Taiwan,,topic+title
UCoQBJMzcwmXrRSHBFAlTsIw,FNN PRIME online,Q124919956,mass media|news media|news website,,,topic+title
UCoecqVX0a4Ut6KZqmoLJbKQ,Sanjhi Khabar,Q113613271,newspaper,India,Punjabi,topic+title
UCoiydSu2BG9axZmoY8zpQrg,Money Today,Q12595017,media company|newspaper,South Korea,Korean,topic
UCojJNXcer3yKj9Q-RWOFZuw,Flemish Radio and Television Broadcasting Organization,Q12858,public broadcaster,Belgium,,topic
UConF7EQiw1TV-_9nMYy8lgw,Walla!,Q25489015,mass media|news media|news website|newspaper|online newspaper,Israel,Hebrew,topic
UCovFGCl1Ff26xqtua8mnL5A,i-bejar,Q111747619,newspaper,Spain,,topic+title
UCp-nh5Fe_YD4baFpypQApyA,Caucasian Knot,Q16829008,mass media|news media|news website|newspaper|online newspaper,Russia,English,topic
UCp2f7tGJGN6R9Muxipem8Nw,Globle News Channel,Q60995810,mass media|news media|television channel,Taiwan,,topic
UCp8yzaytY4QH3mWMlMUKp8Q,Catholic Press Agency of the Bishops' Conference of Bosnia and Herzegovina,Q12634315,mass media|media company|news agency|news media,Bosnia and Herzegovina,,topic
UCpJNsBEupVtlLlVIYw-kFpg,24sata,Q217315,newspaper,,Croatian,topic+title
UCpJnFmqACjwpjZg_LUHq5-w,Santa Monica Observer,Q7419804,newspaper,United States,English,topic+title
UCpWvshQVx1d7BqCsPnVuNIw,The Star,Q3522843,mass media|news media|news website|newspaper|online newspaper,Malaysia,English,topic+title
UCpZ2bcT9tbTCEb7ouhpXAtg,SpazioCrypto,Q140420005,mass media|news media|news website|newspaper|online newspaper,Italy,French,topic+title:alt
UCp_nW0vhOcxb-i8Yxmq4lOA,Borneo Bulletin,Q4946070,newspaper,Brunei,English,topic+title
UCpbfXQsYBJTwq5lCkwGIeuQ,China News Service,Q969272,mass media|media company|news agency|news media,People's Republic of China,,topic
UCpckFMXHK50jljq73fNXNVw,thinQ360,Q139763398,mass media|news media|news website,India,Hindi,topic+title
UCpfZqY4SGVhHxF8x4XMWNew,Masrawy,Q6783942,mass media|news media|news website|newspaper|online newspaper,,Arabic,topic+title
UCpilKNqQxRBj6dwZKK44xHw,Videnskab.dk,Q12340941,mass media|news media|news website|newspaper|online newspaper,,Danish,topic+title
UCpu3bemTQwAU8PqM4kJdoEQ,CTi News,Q5014664,mass media|news media|television channel|television station,Taiwan,,topic
UCpvT09HPVoyBd4i1rHU2tVg,Erem News,Q108857582,mass media|news media|news website|newspaper|online newspaper,United Arab Emirates,Arabic,topic+title
UCqC6aKlxw26pDitXHL7OjqQ,Takie dela,Q106472939,mass media|news media|news website|newspaper|online newspaper,Russia,,topic
UCqOtbLqQ0diBGz6hGHXS6gg,Citrus County Chronicle,Q55666012,newspaper,United States,English,topic
UCqQHuAPCGwf5rD1pMKqXPYA,Zaman al Wsl,Q31077297,mass media|news media|news website|newspaper|online newspaper,Syria,,topic+title
UCqTa3sNT6SfiQ2DQK_kuWlA,oneindia,Q7093691,mass media|news media|news website,India,,topic+title
UCqdeZSLQtDWMA7JxPeXJiGA,Sai Gon Giai Phong,Q7399786,newspaper,,Vietnamese,topic+title
UCqnbDFdCpuN8CMEg0VuEBqA,The New York Times,Q9684,newspaper,United States,English,topic+title
UCqso_WZbRLRpKHstlHQj5TA,Amazônia Real,Q109774525,mass media|media company|news agency|news media|news website,Brazil,Brazilian Portuguese,topic+title
UCr2LSro_9yZvng8HR2eDExA,Forbes Russia,Q48945044,magazine|mass media|news media|news website,,Russian,topic+title
UCr3tVUYEqvVJTPqkggTFnyg,Quds News Network,Q76537273,mass media|media company|news agency|news media,Palestine,English,topic+title
UCrBObJKg_1DVmQxjnkhSbwQ,BTC-ECHO,Q139379017,mass media|news media|news website,Germany,German,topic+title
UCrE9AV3AbYt-m-JaM2V5klw,Q130611858,Q130611858,mass media|news media|news website|newspaper|online newspaper,France,French,topic
UCrFKQ7T6v77iLLYNl19_QZQ,hamechadesh,Q104628019,mass media|news media|news website,Israel,,topic
UCrSC9vdaSRlES5QJwKHhbJA,Kazinform,Q4208363,mass media|media company|news agency|news media,Kazakhstan,,topic+title
UCrUXUGJyNQjnTsKY_k_U2qg,Golden Gate Xpress,Q115148678,magazine|mass media|newspaper,,,topic+title
UCrbQxu0YkoVWu2dw5b1MzNg,Lianhe Zaobao,Q3273611,newspaper,Singapore,Simplified Chinese,topic
UCrbctXCueK60wHFE2o8YL-Q,Liberty Times,Q697462,mass media|news media|news website|newspaper|online newspaper,Taiwan,Standard Taiwanese Mandarin,topic
UCrhOdWxeea0IF_H7jV4y7tQ,Syri Television,Q115801956,mass media|media company|news agency|news media|television channel,Albania,,topic+title
UCrlXI2X3HF72ldGIOiVzUmA,Q137830699,Q137830699,newspaper,Germany,German,topic
UCrp2It0yWUC7XcrWyBIQeKw,Nexta,Q98148856,mass media|news media|news website|newspaper|online newspaper,Belarus,English,topic+title
UCrpP-x96-nQD84VsNyILRtA,New Mexico Daily Lobo,Q116302609,magazine|mass media|newspaper,United States,English,topic
UCrqIV7DB9BcS30URvfGAmsg,Radio Racyja,Q815265,mass media|news media|radio station,Poland,,topic
UCrwJa6KRHWnJpJPZNeKKcvA,Tuổi Trẻ,Q7853413,newspaper,,Vietnamese,topic+title
UCrwL1riPULt1IclIcmOSdiA,Echo,Q114398988,mass media|news media|news website,Germany,Russian,topic
UCs0xZ60FSNxFxHPVFFsXNTA,Tamil Murasu,Q3536298,newspaper,Singapore,Tamil,topic+title
UCs8I8inqV5b-_UY0Hm7K0Jg,Echo,Q114398988,mass media|news media|news website,Germany,Russian,topic
UCs8Mm9kxyb9A5T_42P4ooPQ,iNyheter,Q113623150,mass media|news media|news website|newspaper|online newspaper,Norway,Bokmål,topic+title
UCsFjaBWoy4DwVxRwETX-zJQ,Perspective,Q105296727,newspaper,Belarus,Russian,topic
UCsLrO-k2UYF5VGPluHRLg2A,Real News,Q136434469,newspaper,Greece,Greek,topic+title
UCsN32BtMd0IoByjJRNF12cw,60 Minutes,Q247869,mass media|news media|news program,,,topic+title
UCsVZWCV-LutMa89JgR8-KGw,Business Day,Q16733394,newspaper,Nigeria,English,topic
UCsZYUb8C_19bWOCKF9jRwSg,The Globe and Mail,Q604525,newspaper,Canada,English,topic+title
UCs_xNajKMU60fbeIhcxStoA,Azattyk,Q4387375,mass media|news media|news website|newspaper|online newspaper|radio station,Kyrgyzstan,Russian,topic
UCsph3s-7LZi2ZaaKdecDsaQ,Telugu Vaadi TV,Q137381615,newspaper,India,Telugu,topic+title
UCt-3MJ1V5CmAdU_MsGxJADg,Vyorstka,Q120931664,mass media|news media|news website|newspaper|online newspaper,Russia,,topic
UCt4hQN98wsganRoLcoScfUw,Abante,Q4663413,newspaper,,,topic+title
UCt4t-jeY85JegMlZ-E5UWtA,Aaj Tak,Q3396358,mass media|news media|television channel,India,Hindi,topic+title
UCt7k7y_xTkkc1Jeh7cdAjDQ,SinEmbargo,Q111978975,mass media|media company|news agency|news media|news website,Mexico,,topic+title
UCtJ4mlxwCaqFf23KsuOjcKQ,North Coast Journal,Q7054861,newspaper,United States,English,topic+title
UCtJk8WNzhAu37r-QBmY7pRA,La Croix,Q1230298,newspaper,France,French,topic+title
UCtTSYCBRRUStmL2oQLaqbDQ,The New Arab,Q20389499,newspaper,United Kingdom,,topic+title
UCtaaO8SWt-9Y9fCWBS4bfHQ,Q111983046,Q111983046,newspaper,Belarus,Russian,topic
UCteIrzfODZb4QsusQEpaEeg,Q137756361,Q137756361,mass media|news media|news website|newspaper|online newspaper,Angola,,topic
UCtk3CVOeFCUSDXBUow_ZJzA,Awp Finanznachrichten,Q309955,mass media|media company|news agency|news media,Switzerland,,topic+title
UCtlncJ34t2gqqZEWgqUdm5w,Qué Pasa,Q7269704,mass media|news media|news website|newspaper,United States,Spanish,topic
UCttMFq0uHUu-LKfYiWpEfwQ,Investigative Post,Q132561277,mass media|media company|news agency|news media,United States,,topic+title
UCtvU8QAYnxFGCH7v9-dUOYw,Yeni Müsavat,Q12847974,newspaper,Azerbaijan,Azerbaijani,topic+title
UCtz9vZo12fpy-wV1JKBoFwA,La Voz del Sur,Q125389603,newspaper,Spain,Spanish,topic
UCu6O9MhKi6m7pgJcchrkxjA,All Israel News,Q120434736,mass media|news media|news website,Israel,,topic+title
UCu7qsdVTUWcI_PclOr8z51Q,BBC Pashto,Q22906666,mass media|news media,,Pashto,topic+title
UCu9AwrlzInpVr2fdN6d_OBg,The Daily Texan,Q7728725,magazine|mass media|newspaper,United States,English,topic+title
UCuFFtHWoLl5fauMMD5Ww2jA,CBC News,Q2931014,mass media|media company|news agency|news media|news website,Canada,,topic+title
UCuLruQX4dTXn89WS9A3ccJg,Taiwan News,Q697286,mass media|news media|news website|newspaper|online newspaper,Taiwan,English,topic+title
UCuTAXTexrhetbOe3zgskJBQ,NTV News24,Q11504671,mass media|news media|news website|television channel|television station,Japan,Japanese,topic
UCuXTBSSq9Zy8-K6aojC2g-Q,Brestskaya Gazeta,Q31213431,newspaper,Belarus,Russian,topic
UCuXtvibaS4-y5oX7O8S51-w,Malaysia Post,Q125055397,mass media|news media|news website,,Standard Malay,topic+title
UCudaVg7_tLsKzdg0fWko2bg,Q130482759,Q130482759,mass media|news media|news website,United States,,topic
UCulMpldMEQVIM6PMc8sffyQ,HuffPost Greece,Q104413855,mass media|news media|news website|newspaper|online newspaper,Greece,Greek,topic+title
UCun2Dl8daN--PBivgQJZn_w,T24,Q21525554,mass media|news media|news website|newspaper|online newspaper,Turkey,,topic+title
UCuyRsHZILrU7ZDIAbGASHdA,ThePrint,Q85806279,mass media|news media|news website|newspaper|online newspaper,India,English,topic+title
UCuzoe7B4zeAKhdhcNKsQJ1w,Dhaka Post,Q110078778,newspaper,Bangladesh,,topic+title
UCv-OywQAsgCCIBo9C-oDFJw,Q125946974,Q125946974,mass media|news media|news website,Belgium,,topic
UCvAnclelY8eSq8GyPE19KTw,The National News Desk,Q105638444,mass media|news media|news website,,,topic+title
UCvCJXnvk9z14oVoEz_Le53Q,Nikkey Shimbun,Q11324439,newspaper,Brazil,Japanese,topic
UCvGFcGHY8-m3Dp-l5InP67g,ISKCON News,Q136612442,mass media|media company|news agency|news media,United States,,topic+title
UCvH2Z058LcWD3TwLGPHx5SA,Real Time,Q113284092,mass media|news media|news website|newspaper|online newspaper,Russia,Russian,topic
UCvNnATyRccJk-qobf2icJlg,News 24/7,Q108393851,mass media|news media|news website,Greece,,topic
UCvQmPpU20hw1Trss_CVwaew,HaHadashot 13,Q4483504,mass media|news media|news program,,,topic+title
UCvS_93KzemYz-SqXT5slFFA,Azadliq,Q16252405,mass media|news media|news website|newspaper|online newspaper|radio station,Azerbaijan,Azerbaijani,topic
UCvWW_MX25BSnpVElZX3vIgQ,Việt Báo,Q10832592,mass media|news media|news website|newspaper|online newspaper,Vietnam,Vietnamese,topic
UCvbex9jMX6WqPOcZt8DGDhg,The Catholic Times,Q109535593,newspaper,South Korea,,topic
UCvd1pcBIblzC_XTBoDHwGvw,Azerbaijan State News Agency,Q4832400,mass media|media company|news agency|news media,Azerbaijan,,topic
UCvgyWIKyLtdltfjSUAcM6EQ,Independent Nigeria,Q7728661,newspaper,Nigeria,,topic+title
UCvixJtaXuNdMPUGdOPcY8Ag,The David Pakman Show,Q7729118,mass media|news media|news program,,English,topic+title
UCvkCtT-QitYADvrlixoQlZw,Caixin Media,Q5017958,magazine|mass media|media company|news media|news website|newspaper|online newspaper,People's Republic of China,English,topic+title
UCvsU0EGXN7Su7MfNqcTGNHg,infobae,Q5915760,mass media|news media|news website|newspaper|online newspaper,Argentina,Spanish,topic+title
UCw3fku0sH3qA3c3pZeJwdAw,Daily Mail,Q210534,mass media|news media|news website|newspaper|online newspaper,United Kingdom,English,topic+title
UCw4zJAalpT4febaMg-G8A2w,African Press Agency,Q105977461,mass media|media company|news agency|news media|news website|newspaper|online newspaper,Senegal,,topic
UCw572heLSpa-A1jBGFS80Aw,Ciudad CCS,Q5124137,newspaper,,Spanish,topic+title
UCw9z2d-rDfXEznu7BAiSfEQ,Vermont Daily Chronicle,Q140374907,mass media|news media|news website,United States,,topic+title
UCwBK7Cdk0wq8rCjxcvaoHzg,Argus News,Q126888080,mass media|media company|news agency|news media,India,,topic+title
UCwJXtk_1CKlCrh7YJDP2uPw,Kyodo News,Q779730,mass media|media company|news agency|news media,Japan,,topic+title
UCwWhs_6x42TyRM4Wstoq8HA,The Daily Show,Q824192,mass media|news media|news program,,,topic+title
UCwXewCWwaK1-yec8niJLrqg,China Digital Times,Q2526385,mass media|news media|news website|newspaper|online newspaper,United States,English,topic
UCwd_6g5HiD0T9UAgbwPKiKw,European Pravda,Q108320646,mass media|news media|news website|newspaper|online newspaper,,,topic
UCweBO4bfRZgu33OMPYlehlg,Croatian Radiotelevision,Q912735,public broadcaster,Croatia,,topic
UCweazGp3k_3wHOCeTsQsyog,il Napolista,Q139270313,mass media|news media|news website|newspaper|online newspaper,Italy,Italian,topic+title
UCwsXkG4LatsF7u_b8dU1p-w,Banouto,Q119889397,newspaper,Benin,French,topic+title
UCwshB3pFGce9MXx5fNctfIw,MiTV,Q131376063,mass media|news media|television channel,Nigeria,,topic+title
UCwvYXsl5CRwUgEgX9LQIz2w,Qafqazinfo,Q20823494,mass media|news media|news website|newspaper|online newspaper,Azerbaijan,Russian,topic+title
UCwww51YntaG3hUj-QlqWd8A,Kwangju Daily,Q113654994,newspaper,South Korea,Korean,topic
UCx-OXbNC65Rn3v2VV4XxfDA,Vineyard Gazette,Q7932485,newspaper,United States,,topic+title
UCxRRM69jQ6x8m2_OIECPFDA,Warta,Q124170977,mass media|news media,Belarus,Belarusian,topic+title
UCxWyU7ivxH_oE1ocuzaPLtg,Deduktif Indonesia,Q126951383,mass media|news media|news website,Indonesia,Indonesian,topic+title
UCxaPn-OJIG6FY2oM1TB0ZSw,Asia-Plus,Q16962241,mass media|media company|news agency|news media,Tajikistan,English,topic+title
UCxdpqtb0HIOdH7RGyfgmJbA,Demirören News Agency,Q683816,mass media|media company|news agency|news media,Turkey,,topic+title
UCxm0tptjIc76-i26EKQ9NpA,InfoMoney,Q121141771,mass media|news media|news website|newspaper|online newspaper,Brazil,Brazilian Portuguese,topic+title
UCxshhzR907v2w6DjICyAgLQ,Q64821996,Q64821996,mass media|media company|news agency|news media,Italy,English,topic
UCxwiLCHJh-UmXyFFVR_BEKg,Al-Ahram Weekly,Q424967,newspaper,Egypt,,topic
UCxy9pdKhihF_JfFNkkJkmkw,Almal News,Q12205263,newspaper,Egypt,,topic
UCyAQQG0yIdY7uHCTmH4cUMw,Atlántico Diario,Q3394943,newspaper,Spain,Spanish,topic+title
UCyIMsCzDRm8_y_6wM26_PWQ,TVRI,Q1973495,mass media|media company|news agency|news media|public broadcaster,Indonesia,,topic+title
UCyTDJHSzuKZ2JZO41c5Do1A,Radio Ozodi,Q137460576,mass media|media company|news agency|news media,,,topic
UCyUr8PM0PFwYQAy5yUPH36Q,Radio Republik Indonesia,Q3113375,mass media|media company|news agency|news media|public broadcaster,Indonesia,,topic
UCyYXLQJvKsiq3-5De9hJwrg,Fergana,Q108170523,mass media|media company|news agency|news media,Russia,English,topic
UCycCFH064HuwU1MQVY5l4gw,Jobat,Q1809743,newspaper,Belgium,,topic+title
UCyjsEEv1m_h7djEWyiqen9A,Document.no,Q5287621,mass media|news media|news website|newspaper|online newspaper,Norway,Nynorsk,topic+title
UCypAIPkMIuQCIxThipZTjsA,Q131703827,Q131703827,newspaper,,Greek,topic
UCyscVWiJELkATSuU-RF2NLg,Alhurra,Q287331,mass media|public broadcaster|television channel|television station,United States,,topic+title
UCywzC-uE_4uVMDIan9Av5uQ,The New Humanitarian,Q1665444,mass media|media company|news agency|news media,Kenya,,topic+title
UCyzTvWz9OiTZ9ZpFAH5vYMg,Stigler News Sentinel,Q55668522,newspaper,United States,,topic+title
UCz8FnLDbCO0tFAMRM72cMkQ,La Posta,Q57768245,mass media|news media|news website|newspaper|online newspaper,Ecuador,,topic+title
UCz8K1occVvDTYDfFo7N5EZw,Law & Crime,Q104007059,mass media|news media|news website,United States,,topic+title
UCzI8K9xO_5E-4iCP7Km6cRQ,Just the News by Faye D'Souza,Q113977266,mass media|news media,India,English,topic+title
UCzNoqZgw9dyxyJgFhFjVXrg,The News Record,Q97050216,magazine|mass media|newspaper,United States,English,topic+title
UCzSTG-QwiLgCDBPhMVkc6zA,Digital Business,Q138042483,mass media|news media,,English,topic+title
UCzV4UxUG1l7KyQUwD489XEQ,NoticiasTrabajo,Q125822421,mass media|news media|news website|newspaper|online newspaper,Spain,Spanish,topic+title
UCzb4UwTNHh9QWcfLAk8tpbQ,Jeonnam Ilbo,Q623642,newspaper,South Korea,Korean,topic
UCzlTj24m5rzJp6ys4d0A1vg,The Witness,Q3523400,newspaper,,,topic+title
UC0bfIroc2-_mtVl2Wy4A1Zg,Nikkan Gendai,Q11504939,newspaper,,Japanese,topic:alt
UC5zqLNazArotJH7Y08DEigQ,TVC News,Q28401298,mass media|news media|television station,Nigeria,English,topic+title:alt
UC9i9MykBsGU1wAPRmbW9Tsw,Niconico News,Q11324223,mass media|news media|news website,Japan,,topic:alt
UClQX249svALik-k4fiWoJgQ,Xinhua News Agency,Q204839,mass media|media company|news agency|news media,People's Republic of China,,topic:alt
UCGttrUON87gWfU6dMWm1fcA,Q743162,Q743162,columnist|journalist|podcaster|pundit,United States,,canonical:alt
