stratum,tier,tier_reason,channel_id,channel_title,seed_label,wd_class,country,subscribers,videos,topics,url,description,verdict,note
tier1_topic,1,topic+title,UCpilKNqQxRBj6dwZKK44xHw,Videnskab․dk KLIP,Videnskab.dk,mass media|news media|news website|newspaper|online newspaper,DK,2670,250,Knowledge|Health|Society|Lifestyle_(sociology),https://www.youtube.com/channel/UCpilKNqQxRBj6dwZKK44xHw,"Hej! 👋  DU har fundet Videnskab.dk klip, hvor vi lægger spændende videoklip op om forskning i alt fra Solsystemet til psykologi 🔭👧  Du finder altid et link til vores artikler i vid",ok,borderline
tier1_topic,1,topic+title,UC7RQon_YwCnp_LbPtEwW65w,The London Standard,Evening Standard,newspaper,GB,356000,19894,Politics|Society,https://www.youtube.com/channel/UC7RQon_YwCnp_LbPtEwW65w,"Subscribe to The London Standard to stay connected to the very heart of London life, culture, and current affairs",ok,
tier1_topic,1,topic+title,UC1p7DHMMvpgkqu32H1USh7Q,Actu44,Actu44.fr,mass media|news media|news website|newspaper|online newspaper,FR,762,146,Politics|Society,https://www.youtube.com/channel/UC1p7DHMMvpgkqu32H1USh7Q,"Actu44 est la chaine vidéo du site:https://www.actu44.fr l'information indépendante en Loire-Atlantique. De la musique, toutes les musiques. Du Jazz, du classique, de la pop et de ",ok,
tier1_topic,1,topic,UCxy9pdKhihF_JfFNkkJkmkw,جريدة المال,Almal News,newspaper,EG,37700,3342,Knowledge|Society|Politics,https://www.youtube.com/channel/UCxy9pdKhihF_JfFNkkJkmkw,"جريدة ""المال"" هي صحيفة اقتصادية يومية مستقلة تصدر عن الشركة المصرية للتسويق والتوزيع، يرأس تحريرها الكاتب الصحفي حازم شريف، كما يصدر عنها بوابة المال الإلكترونية.  كما بدأت جريدة ا",ok,
tier1_topic,1,topic+title,UCKNT5nrVgFst48AXQAFuH1Q,infoLibre,infoLibre,newspaper,ES,45100,3019,Society|Politics,https://www.youtube.com/channel/UCKNT5nrVgFst48AXQAFuH1Q,[ Somos resistencia ],ok,
tier1_topic,1,topic+title,UCI8XeBXcahsbsR2XA9gIWoQ,DOXA | ДОКСА,DOXA,magazine|mass media|newspaper,RU,154000,914,Society,https://www.youtube.com/channel/UCI8XeBXcahsbsR2XA9gIWoQ,Независимое медиа из России. Новые видео 2 раза в месяц.  Поддержать нас финансово: https://doxa.team/act https://www.patreon.com/doxajournal https://www.youtube.com/channel/UCI8Xe,ok,
tier1_topic,1,topic,UCGsptS1u_Nz6-yIFBbzZK0g,Новости Тукаевского района,Q126727802,newspaper,,1070,208,Lifestyle_(sociology)|Society,https://www.youtube.com/channel/UCGsptS1u_Nz6-yIFBbzZK0g,Интересные видео о жизни в Тукаевском районе смотрите у нас!,ok,
tier1_topic,1,topic+title,UC97O_ce8Rm7rE0hjE82joaA,OBOZ UA,OBOZ.UA,mass media|media company|news media|news website|newspaper|online newspaper,UA,422000,16718,Politics|Society,https://www.youtube.com/channel/UC97O_ce8Rm7rE0hjE82joaA,"ОBOZ.UA - простими словами про складні теми: економіка, політика, аналіз ключових подій на фронті, бізнес, технології, науку. Це канал, який розповідає тобі про ключові події дня т",ok,
tier1_topic,1,topic+title,UCxaPn-OJIG6FY2oM1TB0ZSw,Аsia-Plus TV,Asia-Plus,mass media|media company|news agency|news media,RU,371000,4426,Society,https://www.youtube.com/channel/UCxaPn-OJIG6FY2oM1TB0ZSw,1897125d-5825-4e7a-90aa-e02350adfa42 ,ok,
tier1_topic,1,topic,UC6ZYCxxt5wDvNbhjzyFSVKg,Η ΝΑΥΤΕΜΠΟΡΙΚΗ,Naftemporiki,newspaper,GR,187000,56986,Politics|Society,https://www.youtube.com/channel/UC6ZYCxxt5wDvNbhjzyFSVKg,Ειδήσεις από την Ελλάδα και τον Κόσμο με την εγκυρότητα της ΝΑΥΤΕΜΠΟΡΙΚΗΣ.,ok,
tier1_topic,1,topic+title,UCt4t-jeY85JegMlZ-E5UWtA,Aaj Tak,Aaj Tak,mass media|news media|television channel,IN,75600000,739297,Society,https://www.youtube.com/channel/UCt4t-jeY85JegMlZ-E5UWtA,"Watch Aaj Tak Live TV and stay tuned for all the breaking news in Hindi ! Aaj Tak is India's leading Hindi News Channel. Aaj Tak News channel covers latest news in Politics, Entert",ok,
tier1_topic,1,topic,UCxwiLCHJh-UmXyFFVR_BEKg,Ahramweekly,Al-Ahram Weekly,newspaper,,131,79,Society|Lifestyle_(sociology),https://www.youtube.com/channel/UCxwiLCHJh-UmXyFFVR_BEKg,,ok,
tier1_topic,1,topic+title,UCi1DyiNlqBF6myQeFujJeww,Jewish Insider,Jewish Insider,mass media|news media|news website,US,997,149,Politics|Society,https://www.youtube.com/channel/UCi1DyiNlqBF6myQeFujJeww,,ok,
tier1_topic,1,topic,UC5VbpPF37ARpk9t5l_TJc8w,観光経済新聞社【公式】,Kankokeizai News,newspaper,JP,651,91,Knowledge|Business|Tourism|Lifestyle_(sociology),https://www.youtube.com/channel/UC5VbpPF37ARpk9t5l_TJc8w,「にっぽんの温泉100選」「人気温泉旅館ホテル250選」を主催、「5つ星の宿」を認定している 観光経済新聞社公式アカウントです。観光・旅行業界のトレンドや旅館・ホテルの最新情報をお届けします。観光業界の有識者による「観光経済新聞チャンネルセミナー」のアーカイブも配信中！,ok,borderline
tier1_topic,1,topic+title,UCleQuH6mATntlGW248C-6eQ,MindaNews,MindaNews,newspaper,,1540,185,Lifestyle_(sociology)|Society,https://www.youtube.com/channel/UCleQuH6mATntlGW248C-6eQ,,ok,
tier1_topic,1,topic+title,UCYYSLCzDmmED5hnYcFmKimA,Ottawa Citizen,Ottawa Citizen,newspaper,CA,77800,12569,Ice_hockey|Society|Sport,https://www.youtube.com/channel/UCYYSLCzDmmED5hnYcFmKimA,"Videos from Ottawa Citizen's daily newspaper.   Based in Ottawa, Ontario, Canada, the Ottawa Citizen began as The Packet in 1845, and has continued as the first choice for news and",ok,
tier1_topic,1,topic+title,UC2CoZtMc68lhBrupCOIvllw,The Insider,The Insider,mass media|news media|news website,GB,666000,2272,Society|Politics,https://www.youtube.com/channel/UC2CoZtMc68lhBrupCOIvllw,"Редакция The Insider следит за новостной повесткой в России и в мире. И рассказывает вам о главных событиях оперативно, честно и непредвзято. Мы специализируемся на расследованиях ",ok,
tier1_topic,1,topic+title,UC27KdqL8GCxqXgurmGpkb7g,DeSmog,DeSmog,mass media|news media,,1070,266,Society|Politics,https://www.youtube.com/channel/UC27KdqL8GCxqXgurmGpkb7g,Clearing the PR Pollution that Clouds Climate Science...,ok,
tier1_topic,1,topic,UC61reKB-JvsnWGwmsGN6deA,MaanNetwork,Ma'an News Agency,mass media|media company|news agency|news media,PS,174000,10639,Society|Politics,https://www.youtube.com/channel/UC61reKB-JvsnWGwmsGN6deA,,ok,
tier1_topic,1,topic+title,UCG_Qif8SJIS3XxU8iqHoInw,Radio Free Europe/Radio Liberty,Radio Free Europe/Radio Liberty,mass media|media company|news agency|news media|radio station,US,868000,10549,Military|Society|Politics,https://www.youtube.com/channel/UCG_Qif8SJIS3XxU8iqHoInw,"Radio Free Europe/Radio Liberty offers uncensored news from local reporters and sources; exclusive footage from the front lines of Russia’s war on Ukraine, as well an inside look o",ok,
tier1_topic,1,topic,UCHXvjavEtkPFJCfGlm0wTXw,경향TV,Kyunghyang Shinmun,newspaper,KR,602000,15547,Politics|Society,https://www.youtube.com/channel/UCHXvjavEtkPFJCfGlm0wTXw,"더 나은 세상을 위해 우리가 알아야 할 이야기 경향신문 공식 채널  🚨 [정치비상구] 출구없는 극단 정치, 비상구를 열어드립니다 🎙️ 매주 월-금 오후 4시 라이브 ｜ 토요라이브 오후 2시 🎙️ 박은경의 지식비상구｜목, 금 낮 12시 🎙️ 정치인물사담회 '인물비상구' 일요일 오후 4시  📞광고/제휴 문의 : insaps1",ok,
tier1_topic,1,topic+title,UCdvuuMVutDaWMvGW3ZWv7bg,The Chenab Times,The Chenab Times,mass media|news media|newspaper,IN,115000,4618,Society,https://www.youtube.com/channel/UCdvuuMVutDaWMvGW3ZWv7bg,"The Chenab Times – Independent News & Stories That Matter  Welcome to The Chenab Times, a trusted independent and multilingual digital media platform bringing you unbiased news, in",ok,
tier1_topic,1,topic+title,UCmG-Pfys3eBm5yKVaYWieOg,Cincinnati Business Courier,Cincinnati Business Courier,newspaper,,351,4836,Business|Society|Television_program|Knowledge,https://www.youtube.com/channel/UCmG-Pfys3eBm5yKVaYWieOg,"The Cincinnati Business Courier is the leading provider of breaking local business news in the Greater Cincinnati area... Here see news video, event footage and more.",ok,
tier1_topic,1,topic,UC1sx9fpIKKs780MrgWH41JQ,Главред TV,Glavred,mass media|media company|news agency|news media|news website|newspaper|online newspaper,UA,178000,11134,Society|Politics,https://www.youtube.com/channel/UC1sx9fpIKKs780MrgWH41JQ,"Актуальные новости, честные факты, без лишней воды! Добро пожаловать на официальный Youtube-канал украинского интернет-портала Главред! Мы оперативно освещаем главные события дня: ",ok,
tier1_topic,1,topic,UCjENGnZvswkYwNiNMfDoIeg,Sharghdaily | شرق,Shargh,newspaper,FR,25200,2137,Society|Politics,https://www.youtube.com/channel/UCjENGnZvswkYwNiNMfDoIeg,حدود دو دهه از انتشار روزنامه شرق می‌گذرد. این روزنامه در این مدت همواره بر استقلال رأی خود پافشاری کرده است. در طول این سال‌ها، تعدادی از بهترین خبرنگاران ایرانی در روزنامه شرق قل,ok,
tier1_title_only,1,title_only,UCD4Fd_NGg7EmwZqzp_SEZRg,Newtalk News,Newtalk News,mass media|news media|news website,,16700,2786,,https://www.youtube.com/channel/UCD4Fd_NGg7EmwZqzp_SEZRg,歡迎光臨~這裡是Newtalk 新聞的ＹＯＵＴＵＢＥ頻道！ 你想看的優質新聞內容全都在這裡，快快點擊訂閱關注我們吧～  「先驅媒體社會企業股份有限公司」經營「Newtalk新聞網」，於2009年9月1日記者節正式上線，以新聞專業媒體自許，希冀善盡媒體該肩負的社會責任，期許在百家爭鳴的網路媒體中，提供讀者真實、可信、實用的新聞，為台灣網路原生媒體風起雲湧的領頭,ok,
tier1_title_only,1,title_only,UCwAVYR-BmFt1bCyCA68Tbbg,Троицкий Вариант Troitsky Variant,Troitskiy Variant,magazine|mass media|newspaper,RU,12300,87,Knowledge,https://www.youtube.com/channel/UCwAVYR-BmFt1bCyCA68Tbbg,"Официальный видеоканал газеты ""Троицкий вариант""/ Official channel ""Troitsky Variant"" newspaper. Мы не занимаемся визуальным научпопом.  У нас не будет завораживающей 3D-графики, к",ok,
tier1_title_only,1,title_only,UCqpeqqzqqSb-280EB8oHDDA,ClickHole,ClickHole,newspaper,US,300000,611,Film|Entertainment,https://www.youtube.com/channel/UCqpeqqzqqSb-280EB8oHDDA,"Governed by a belief that all content deserves to go viral, ClickHole is a singular online social experience complete with clickable, shareable content that's the best the internet",false_positive,
tier1_title_only,1,title_only,UCvg8rB20NlcUbI51R2anQ0w,Västerbottens-Kuriren,Västerbottens-Kuriren,newspaper,SE,392,1072,Lifestyle_(sociology),https://www.youtube.com/channel/UCvg8rB20NlcUbI51R2anQ0w,VK,ok,
tier1_title_only,1,title_only,UCfp0kNMzBXVYaAguKprFALQ,SPORT.RO,sport.ro,mass media|news media|news website,RO,77300,5241,Association_football|Sport|Television_program,https://www.youtube.com/channel/UCfp0kNMzBXVYaAguKprFALQ,Îți aducem clipurile momentului și cele mai noi știri din sport și pe Youtube. Ne poți urmări pe TV în fiecare zi la PRO TV: Știrile Sport 20:00 de luni până vineri și în weekend d,false_positive,
tier1_title_only,1,title_only,UCWSZJ4r3s5xk8zICXEveFpg,Mundo Deportivo,Mundo Deportivo,newspaper,ES,906000,23521,Association_football|Sport,https://www.youtube.com/channel/UCWSZJ4r3s5xk8zICXEveFpg,"👋 Bienvenidos al canal oficial de Mundo Deportivo en YouTube.  📹 Aquí encontrarás las últimas noticias, entrevistas exclusivas, ruedas de prensa y mucho más sobre el mundo del depo",false_positive,
tier1_title_only,1,title_only,UCIqfXUG5dbM8iGINnqsdriQ,Ahram Gate - بوابة الأهرام ,Al-Ahram,newspaper,EG,58000,14942,Association_football|Sport,https://www.youtube.com/channel/UCIqfXUG5dbM8iGINnqsdriQ,,ok,
tier1_title_only,1,title_only,UCYb8RgHm9ew-wJzGr8_3agQ,Tecnoandroid,Tecnoandroid,mass media|news media|news website|newspaper|online newspaper,IT,125000,5146,Lifestyle_(sociology)|Technology,https://www.youtube.com/channel/UCYb8RgHm9ew-wJzGr8_3agQ,"Iscriviti al nostro canale delle offerte su Telegram: https://t.me/tecnofferte  Il canale di Tecnoandroid.it dedicato al mondo tech. News, guide, approfondimenti, app e giochi e un",false_positive,
tier1_title_only,1,title_only,UCiWFqWkF2GqzlhydNu1_l4w,BandaAncha,BandaAncha,mass media|news media|news website,ES,8140,95,Technology|Lifestyle_(sociology),https://www.youtube.com/channel/UCiWFqWkF2GqzlhydNu1_l4w,"Información independiente sobre 🛜 fibra, 📶 móvil y tecnología, generada por la comunidad de usuarios expertos más veterana. Presentado por Joshua Llorach. ",false_positive,
tier1_title_only,1,title_only,UCMVlTv8EXJ2ZC-r6YCS1PIg,Despierta América,¡Despierta América!,mass media|news media|news program,US,1700000,26111,Television_program|Entertainment|Lifestyle_(sociology),https://www.youtube.com/channel/UCMVlTv8EXJ2ZC-r6YCS1PIg,"En Despierta América encontrarás entrevistas exclusivas, grandes invitados, consejos y momentos divertidos junto a Karla Martínez, Alan Tacher, Satcha Pretto, Francisca, Jomari Goy",false_positive,
tier1_title_only,1,title_only,UC0Izz8_tUkKfwVMot59mIzA,The Fayette County Record,Fayette County Record,newspaper,,478,453,Association_football|Sport|Baseball,https://www.youtube.com/channel/UC0Izz8_tUkKfwVMot59mIzA,"News, sports, entertainment and more from Fayette County, Texas. Serving the towns of La Grange, Schulenburg, Flatonia, Fayetteville, Round Top, Carmine and all points in between. ",ok,
tier1_title_only,1,title_only,UCAnO0MtqT3-78X6g15OKVVw,FogãoNET,FogãoNET,mass media|news media|news website,BR,83000,3944,Association_football|Sport,https://www.youtube.com/channel/UCAnO0MtqT3-78X6g15OKVVw,"Canal sobre Botafogo com notícias e vídeos no YouTube? Você encontra no FogãoNET, o lugar do torcedor alvinegro. Sejam bem-vindos! Aqui todos os botafoguenses vão ficar sempre info",false_positive,
tier1_title_only,1,title_only,UCX9_njhDkdghnIlp1JkyuoQ,Motociclismo Portugal,Motociclismo,magazine|mass media|news media|news website,PT,39400,944,Motorsport|Lifestyle_(sociology)|Vehicle,https://www.youtube.com/channel/UCX9_njhDkdghnIlp1JkyuoQ,"Bem-vindo ao canal oficial do YouTube das duas maiores marcas Portuguesas do Motociclismo, online, e TV. Encontrará todo o conteúdo de vídeo de motociclismo das duas mais respeitad",false_positive,
tier1_title_only,1,title_only,UCQtaT3pS4wAtIKcWLX3R1xg,GiveMeSport,GiveMeSport,mass media|news media|news website,GB,28700,1468,Association_football|Sport,https://www.youtube.com/channel/UCQtaT3pS4wAtIKcWLX3R1xg,"GiveMeSport is a multi-channel digital sports publication that has been delivering sports news, analysis features, and opinion-based content since 2014. GMS has established itself ",false_positive,
tier1_title_only,1,title_only,UCy96kzug_aXEM7r8MB_qDKQ,MovieZine,MovieZine,mass media|news media|news website|newspaper|online newspaper,SE,18300,1091,Entertainment|Film,https://www.youtube.com/channel/UCy96kzug_aXEM7r8MB_qDKQ,"Välkommen till MovieZine på Youtube! Sveriges största sajt för film, serier och tv-spel.",false_positive,
tier1_title_only,1,title_only,UCAY_M9HyJb8oMKPV1utQQyA,TechRadar,TechRadar,magazine|mass media|news media|news website,US,462000,3062,Lifestyle_(sociology)|Technology,https://www.youtube.com/channel/UCAY_M9HyJb8oMKPV1utQQyA,"The latest technology news and reviews, covering phones, computing, home entertainment systems, gadgets, cameras, video games and more.",false_positive,
tier1_title_only,1,title_only,UCIPMdRKMgCRj9zpxmuvl_EA,DDay.it,DDay.it,mass media|news media|news website|newspaper|online newspaper,,36500,1830,Technology|Lifestyle_(sociology),https://www.youtube.com/channel/UCIPMdRKMgCRj9zpxmuvl_EA,"DDay.it è il canale video del magazine di tecnologia DDay. Anteprime, video, test di prodotti tecnologici e tanto altro ancora.",false_positive,
tier1_title_only,1,title_only,UCsAoO_SdTB55bnb0aXHnxNQ,Le Populaire du Centre,Le Populaire du Centre,newspaper,FR,7000,2455,Lifestyle_(sociology),https://www.youtube.com/channel/UCsAoO_SdTB55bnb0aXHnxNQ,Chaîne officielle du journal Le Populaire du Centre - Groupe Centre France  Quotidien d'information de la Haute-Vienne depuis 1905.,ok,
tier1_title_only,1,title_only,UC6FJi0g8Dc8Ou3D1YmW8nCA,TidBITS Publishing,Tidbits,magazine|mass media|news media,,709,34,Lifestyle_(sociology)|Technology,https://www.youtube.com/channel/UC6FJi0g8Dc8Ou3D1YmW8nCA,,false_positive,
tier1_title_only,1,title_only,UC566b5USRdeZdErzEVUuOzQ,Elena GROUNDWORK,Groundwork,media company|newspaper,US,2,193,Health|Knowledge|Lifestyle_(sociology),https://www.youtube.com/channel/UC566b5USRdeZdErzEVUuOzQ,"Listen to data-backed breakdowns and executive audio briefs across Money, Health, Home, Life, and Tech. Narration stays with you in the floating player as you browse guides or tool",false_positive,
tier1_title_only,1,title_only,UCTLF7wgcl6e7E5iVkqaXp_A,Front Office Sports,Front Office Sports,mass media|media company|news media|news website,US,164000,1578,Basketball|Sport,https://www.youtube.com/channel/UCTLF7wgcl6e7E5iVkqaXp_A,Sports is big business. ,false_positive,
tier1_title_only,1,title_only,UC611hae5Dsr8Q0sTq3vafOw,Lübecker Nachrichten,Lübecker Nachrichten,newspaper,DE,4130,697,Lifestyle_(sociology),https://www.youtube.com/channel/UC611hae5Dsr8Q0sTq3vafOw,Hier findet Ihr ausgewählte Videos aus dem Hause der Lübecker Nachrichten - Eure Regionalzeitung für Lübeck und Umgebung.  IMPRESSUM  Betreiberin dieses Online-Angebotes ist die  L,ok,
tier1_title_only,1,title_only,UCSz4vZo647SIp5dJShzD-ow,Pagina de Psihologie,Pagina de Psihologie,mass media|news media|news website,RO,37000,446,Knowledge|Health|Lifestyle_(sociology),https://www.youtube.com/channel/UCSz4vZo647SIp5dJShzD-ow,"Motto: ""Familia este pentru totdeauna!""  Misiunea noastră în cadrul Asociației Multiculturale de Psihologie și Psihoterapie (AMPP) este să oferim cele mai complexe programe de form",false_positive,
tier1_title_only,1,title_only,UCS-3MPqYH8aLgvqGycB71rA,M3 – Sveriges prylsajt,M3,magazine|mass media|news media|news website|newspaper|online newspaper,SE,9510,1616,Technology|Lifestyle_(sociology)|Vehicle,https://www.youtube.com/channel/UCS-3MPqYH8aLgvqGycB71rA,"M3 har sedan 2001 haft stenkoll på den senaste konsumenttekniken och är Sveriges främsta prylsajt. Vi testar mobiler, laptops, tv-apparater, bilar, hörlurar, ja allt kul med den se",false_positive,
tier1_title_only,1,title_only,UCLogirLCBGldbofOWUoX-cA,cagdas burdur,Çağdaş Burdur Gazetesi,newspaper,,455,1396,,https://www.youtube.com/channel/UCLogirLCBGldbofOWUoX-cA,,ok,
tier2_topic,2,topic+title,UCwBUwaTxztTPuSzIi2cjimw,Charlie Rose,Charlie Rose,journalist,,317000,2986,Society|Politics,https://www.youtube.com/channel/UCwBUwaTxztTPuSzIi2cjimw,"Emmy and Peabody award winning journalist Charlie Rose has been praised as ""one of America's premier interviewers."" He engages America's best thinkers, writers, politicians, athlet",ok,
tier2_topic,2,topic,UC1r0DG-KEPyqOeW6o79PByw,TechTechPotato,Ian Cutress,journalist,GB,149000,595,Society|Technology|Lifestyle_(sociology),https://www.youtube.com/channel/UC1r0DG-KEPyqOeW6o79PByw,"💻💻🥔 Talking chips with spuds  Hosted by Dr. Ian Cutress Analyst and Tech Industry Veteran 10+ years for written media, now doing some video things  Sign up to the free More Than Mo",false_positive,
tier2_topic,2,topic,UCq-CfAlGjCuXyBVTzQgWYRg,LES INCORRECTIBLES,Éric Morillot,YouTuber|blogger|journalist,FR,357000,1087,Politics|Society,https://www.youtube.com/channel/UCq-CfAlGjCuXyBVTzQgWYRg,"Chaque dimanche à 18h.  Animée par Éric Morillot.  L’émission, garantie sans censure dans le choix et les propos de ses invités, est désormais disponible en exclusivité sur YouTube",ok,
tier2_topic,2,topic,UCYfZx6fFFuM76ErcZJUoJlw,Ce se întâmplā,Q141438959,journalist,RO,63900,543,Politics|Society,https://www.youtube.com/channel/UCYfZx6fFFuM76ErcZJUoJlw,"Radu Buzaianu: Încercăm să punem lucrurile în ordine, să le găsim o logică și să vā lāsām în cât mai multe informații. Lumea poate să fie înțeleasă mai bine privind înapoi. Dar tre",ok,
tier2_topic,2,topic+title,UCdv-93hG1SCKjoHihlX_77Q,Jessica Burbank,Jessica Burbank,journalist|pundit,,42100,141,Politics|Society,https://www.youtube.com/channel/UCdv-93hG1SCKjoHihlX_77Q,Working class kid who spends her days fighting for better days.,ok,
tier2_topic,2,topic+title,UC85LnYJuLKXKbb_1QYFGYCA,Sergio Nazzaro,Sergio Nazzaro,journalist,IT,1950,205,Television_program|Society|Entertainment,https://www.youtube.com/channel/UC85LnYJuLKXKbb_1QYFGYCA,Scrivo reportage d’inchiesta sulle criminalità organizzate nazionali ed internazionali. Studio e analizzo il fenomeno delle migrazioni e della tratta di esseri umani.  Ho partecipa,ok,
tier2_topic,2,topic+title,UCSYCo8uRGF39qDCxF870K5Q,Owen Jones,Owen Jones,YouTuber|blogger|columnist|journalist|pundit,GB,881000,1847,Politics|Society,https://www.youtube.com/channel/UCSYCo8uRGF39qDCxF870K5Q,"This is my independent channel, unaffiliated to any media organisation, in which I try to challenge and expose injustices, give a platform to the unheard, and offer alternatives to",ok,
tier2_topic,2,topic,UC4U-Bz5I-jttkLO4XktpXOQ,GadowskiTV,Q9375652,YouTuber|blogger|journalist,,535000,1189,Society|Politics,https://www.youtube.com/channel/UC4U-Bz5I-jttkLO4XktpXOQ,"Oficjalny kanał Witolda Gadowskiego -- dziennikarza, pisarza i poety, autora „Wieży komunistów"", „Smaku wojny"" oraz współautora książki „Tragarze śmierci"".  gadowskiwitold.pl  www.",ok,
tier2_topic,2,topic+title,UCfobfF0GXk0GIehdS4r8lIg,Roser Amills,Roser Amills,journalist,ES,10900,507,Entertainment|Lifestyle_(sociology)|Society|Television_program,https://www.youtube.com/channel/UCfobfF0GXk0GIehdS4r8lIg,Escritora mallorquina | Radio y TV | Libros https://roseramills.com/librosroser  | contacta: roser@roseramills.com  Mallorca · https://roseramills.com,false_positive,
tier2_topic,2,topic+title,UCMOlmK5ngLQDJ38bQpXTA9w,Rachel Gilmore,Rachel Gilmore,journalist,CA,55300,1037,Politics|Society,https://www.youtube.com/channel/UCMOlmK5ngLQDJ38bQpXTA9w,I’m an award-winning journalist posting bite-sized news videos to keep your brain big and full! ✨,ok,
tier2_topic,2,topic,UCxhlaRxHLKYr3GxFYEpic-Q,Алексей Цветков,Alexey Tsvetkov,journalist,RU,1980,88,Society|Knowledge|Film,https://www.youtube.com/channel/UCxhlaRxHLKYr3GxFYEpic-Q,Мой бусти со всем эксклюзивным: https://boosty.to/alexeitsvetkov Мой сайт: https://alexeitsvetkov.wordpress.com Мой фейсбук: https://www.facebook.com/atsvetcoff Мой Телеграм-канал:,ok,borderline
tier2_topic,2,topic,UCklsCp5pEApz0Jq7mVibR9w,Костянтин Грубич: історії зі смаком,Kostiantyn Volodymyrovych Hrubych,journalist,UA,178000,2524,Lifestyle_(sociology)|Society,https://www.youtube.com/channel/UCklsCp5pEApz0Jq7mVibR9w,"Мене звати Костянтин Грубич. Хочу, щоб після перегляду моїх історій зі смаком у вас покращився настрій і зʼявилося натхнення для подальшого життя! На каналі багато автентичних укра",false_positive,
tier2_topic,2,topic,UCk7dwwsoh1vSeHOeo4MV9sg,يقين بيدو Merna Alhasan,Yakeen Bido,journalist,TR,42700,403,Religion|Society,https://www.youtube.com/channel/UCk7dwwsoh1vSeHOeo4MV9sg,صحفيّة سوريّة من إدلب، أنقل واقعنا من جرائم حرب بحقنا عبر فيديوهات وتقارير تعكس حياتنا اليومية رغم الحرب. (Syrian journalist (Edlib,ok,
tier2_topic,2,topic+title,UCzxdGoNthGC-EII5eJKJZwA,Fira Jalilova,Fira Jalilova,journalist,AZ,91300,3922,Society|Lifestyle_(sociology),https://www.youtube.com/channel/UCzxdGoNthGC-EII5eJKJZwA,"25 illik Radio və Televiziya təcrübəsi olan, səlist diksiyası, işində məsuliyyəti ilə fərqlənən,  peşəkar jurnalist Firuzə Cəlilovanın rəsmi Youtube  kanalı. Kanalda aparıcının mar",ok,borderline
tier2_topic,2,topic,UCRCGJQTR8aE1WOZ2SsZBzVg,История Леонида Млечина,Leonid Mlechin,journalist|pundit,KZ,404000,864,Politics|Society|Knowledge,https://www.youtube.com/channel/UCRCGJQTR8aE1WOZ2SsZBzVg,Это История Леонида Млечина - официальный Youtube-канал писателя и телеведущего Леонида Млечина. Мы как общество не хотим знать свою историю. Нет запроса на новые знания. Есть запр,ok,
tier2_topic,2,topic,UChuoRqzIzmirCM1uftXBNWA,Άννα Δρούζα,Anna Drouza,journalist,GR,22500,66,Lifestyle_(sociology)|Health|Society|Knowledge,https://www.youtube.com/channel/UChuoRqzIzmirCM1uftXBNWA,"Είμαι η Άννα Δρούζα και σας καλωσορίζω στο ΘΕΡΑ-POD. Η ψυχική υγεία μας αφορά όλους.   Μαθαίνοντας πώς λειτουργεί η ανθρώπινη ψυχή, κατανοούμε τον τρόπο που σκεφτόμαστε, αισθανόμασ",false_positive,
tier2_topic,2,topic,UCEPteOOgwfQpondLl6KXNyg,Дмитрий Низовцев,Dmitry Nizovtsev,journalist,,7480,54,Film|Politics|Society|Entertainment,https://www.youtube.com/channel/UCEPteOOgwfQpondLl6KXNyg,,ok,
tier2_topic,2,topic,UCoXtmmnLCbXDiSo8GxsmOzA,La gata de Schrödinger,Rocío Vidal,YouTuber|blogger|journalist|podcaster|pundit,ES,986000,283,Health|Lifestyle_(sociology)|Society,https://www.youtube.com/channel/UCoXtmmnLCbXDiSo8GxsmOzA,Canal de divulgación de la ciencia desde una perspectiva escéptica y con un toque de humor. ¡Suscríbete!  SI QUIERES AYUDARNOS A SEGUIR CRECIENDO PUEDES HACERTE MIEMBRO DEL CANAL D,false_positive,
tier2_topic,2,topic+title,UC3PyxGKt94kLzVqkkjEgRFw,Scott Carney,Scott Carney,journalist,US,274000,340,Society,https://www.youtube.com/channel/UC3PyxGKt94kLzVqkkjEgRFw,"Scott Carney, Investigative journalist, anthropologist and New York Times bestselling author explores consciousness, history, climate, artificial intelligence, war, and most of all",ok,
tier2_topic,2,topic+title,UC1yuv89ftFyDQ8Ibre7cRgg,Makhdoom Shahab-ud-Din,Makhdoom Shahabuddin,journalist,SA,2390000,8083,Society|Politics,https://www.youtube.com/channel/UC1yuv89ftFyDQ8Ibre7cRgg,"Award-winning journalist | Influencer | Storyteller |  | Author of ""Pakistan Unveiled"" | Erasmus Mundus Journalism scholar  Makhdoom Shahab-ud-Din is an award-winning journalist fr",ok,
tier2_topic,2,topic,UCmqc7rE4XN9YpPV5YDdRhUg,長青論壇,Cao Changqing,journalist|pundit,US,81700,174,Society|Politics,https://www.youtube.com/channel/UCmqc7rE4XN9YpPV5YDdRhUg,這個頻道主要評論當前重大國際事務、東西方文化比較等。 感謝贊助長青論壇：paypal.me/cqcao     Zelle：cqforum21@gmail.com   ,ok,
tier2_topic,2,topic,UCHjf43V33j-pyE00mlX1RQg,陳揮文,Chen Hui-wen,journalist|pundit,TW,155000,2123,Politics|Society,https://www.youtube.com/channel/UCHjf43V33j-pyE00mlX1RQg,謝謝捧場，媒體低層感謝大家～  加入烤鴨會員：https://cutt.ly/YyYLejL  感謝您的贊助：https://p.ecpay.com.tw/0EDC0  準時收看直播：https://bit.ly/2Z027Hz  Facebook：https://reurl.cc/E2a1k0  IG：＠medialowlevel  Threads：＠me,ok,
tier2_topic,2,topic+title,UCtEMFhDh-Og_ueNn13taTGA,Will Potter,Will Potter,journalist,US,702,22,Knowledge|Society|Politics,https://www.youtube.com/channel/UCtEMFhDh-Og_ueNn13taTGA,"Investigative journalist, author, and TED Senior Fellow. 25+ years covering protest and repression. Author of Green Is the New Red and Little Red Barns. ",ok,
tier2_topic,2,topic+title,UCMBEANIU1OeqjX9BN4P5nEA,Peter K Fallon,Peter K. Fallon,journalist,,276,88,Knowledge|Society,https://www.youtube.com/channel/UCMBEANIU1OeqjX9BN4P5nEA,"Mass Ignorance in an ""Age of Information""",ok,
tier2_topic,2,topic+title,UCzIriT9umG933jE8U9POvjA,Piotr Żyłka,Piotr Żyłka,journalist,PL,5960,58,Religion|Society,https://www.youtube.com/channel/UCzIriT9umG933jE8U9POvjA,"Człowiek z Zupy na Plantach. Wrażliwy dziennikarz, autor książek i podcastów. Szukam światła.  ",ok,borderline
tier2_title_only,2,title_only,UCLBHPoY3NugnZYURxln3fKQ,Rene Ritchie,Rene Ritchie,blogger|journalist,US,308000,502,Lifestyle_(sociology)|Technology,https://www.youtube.com/channel/UCLBHPoY3NugnZYURxln3fKQ,I make videos about technology and what it means for our culture and lives ,false_positive,
tier2_title_only,2,title_only,UC7lLQVkdm8J0_CHP1AQzX-w,Esteban Skincare ,Esteban Van Pieperzeel,journalist,FR,48800,2040,Lifestyle_(sociology),https://www.youtube.com/channel/UC7lLQVkdm8J0_CHP1AQzX-w,"Bienvenue sur Esteban Skincare ! 🧴✈️  Journaliste beauté & voyage, je teste les produits pour que vous n'ayez plus à le faire. Skincare, cosmétiques, produits Amazon, pépites Actio",false_positive,
tier2_title_only,2,title_only,UCX1em-uaFMS02Rrk_Bowyng,Fabrizio Romano,Fabrizio Romano,journalist|pundit,IT,3300000,2456,Association_football|Sport,https://www.youtube.com/channel/UCX1em-uaFMS02Rrk_Bowyng,HERE WE GO! ,false_positive,
tier2_title_only,2,title_only,UCOWtOs75KRwlPFLZGTaq6lg,Ethan Kelly,Ethan Kelly,YouTuber|blogger|journalist|pundit,,6190,19,Lifestyle_(sociology),https://www.youtube.com/channel/UCOWtOs75KRwlPFLZGTaq6lg,The Official Channel of Ethan Kelly,false_positive,
tier2_title_only,2,title_only,UCdLJ65_p8R5psz49sQjEhKw,rádio AMANDA ,Amanda Ramalho,journalist,ES,65600,410,Health|Lifestyle_(sociology)|Entertainment,https://www.youtube.com/channel/UCdLJ65_p8R5psz49sQjEhKw," Seja bem-vindo à RÁDIO AMANDA, o ponto de encontro com Amanda Ramalho.  Notícias do dia, cultura pop, fofoca com humor ácido, futebol, saúde mental, neurodivergencia e conversas s",false_positive,
tier2_title_only,2,title_only,UCufmgU-QUGEBPPQXI4VzO5w,Blendi Fevziu,Blendi Fevziu,journalist,DE,66800,4588,Lifestyle_(sociology)|Tourism,https://www.youtube.com/channel/UCufmgU-QUGEBPPQXI4VzO5w,,ok,
tier2_title_only,2,title_only,UCWVQDfab6IaM9Sh91EZYrtg,Arbana Osmani,Arbana Osmani,journalist,US,160000,418,Lifestyle_(sociology)|Entertainment|Television_program,https://www.youtube.com/channel/UCWVQDfab6IaM9Sh91EZYrtg,Kanali zyrtar në YouTube i Arbana Osmani. Ky kanal menaxhohet nga 360 Media. Riprodhimi ose shpërndarja e paautorizuar e videove nga ky kanal është rreptësisht e ndaluar dhe shkelë,false_positive,
tier2_title_only,2,title_only,UCCprsL2xVSoReeKCCnWkd7Q,Hey Aaron!!!,Aaron Troschke,YouTuber|blogger|journalist,DE,1570000,731,Entertainment|Lifestyle_(sociology),https://www.youtube.com/channel/UCCprsL2xVSoReeKCCnWkd7Q,Impressum:  Aaron Troschke  Börnestraße 24 13086 Berlin Geschäftsanfragen an anfrage@heyaaron.de   Titel & Hintergrundmusik: https://www.instagram.com/armanuderzo  ,false_positive,
tier2_title_only,2,title_only,UCWzzUnG_CzEdrZRtyqMePMA,Mariana Ferrão,Mariana Ferrão,journalist,BR,440000,523,Lifestyle_(sociology)|Health,https://www.youtube.com/channel/UCWzzUnG_CzEdrZRtyqMePMA,"Mariana Ferrão é jornalista especialista em saúde e fundadora da Soul.Me, uma empresa de impacto social que cria conteúdo de saúde e qualidade de vida para gerar engajamento e auto",false_positive,
tier2_title_only,2,title_only,UCVogCMB50uIYYdbwv7_w-tQ,Rohit Bhargava,Rohit Bhargava,columnist|journalist|pundit,US,4650,499,Lifestyle_(sociology),https://www.youtube.com/channel/UCVogCMB50uIYYdbwv7_w-tQ,"Welcome to the Non-Obvious Channel with Rohit Bhargava!  Dive into a world where curiosity leads to unexpected insights, and 'non-obvious' is the key to seeing what others miss. As",false_positive,
tier2_title_only,2,title_only,UCJ-g8hC5ltbWR6S2KZAz2bA,Patryk Chilewicz,Patryk Chilewicz,YouTuber|blogger|columnist|journalist|pundit,ES,17900,110,Lifestyle_(sociology),https://www.youtube.com/channel/UCJ-g8hC5ltbWR6S2KZAz2bA,Dzień dobry!,false_positive,
tier2_title_only,2,title_only,UCN2bKB4DP6M7wfD_hi2WT8g,Carla Clavera,Carla Clavera i Buch,YouTuber|blogger|journalist,ES,1850,119,Lifestyle_(sociology)|Tourism,https://www.youtube.com/channel/UCN2bKB4DP6M7wfD_hi2WT8g,"Aquí podreu trobar bocinets de la meva vida: viatges, vlogs, recomanacions, lectures... Espero que us agradi!",false_positive,
tier2_title_only,2,title_only,UC67W7xyaeyzxUkVSXDnNaTQ,SILVIO VALENCIA OFICIAL,Silvio Valencia,journalist|pundit,PE,33100,2461,Association_football|Sport,https://www.youtube.com/channel/UC67W7xyaeyzxUkVSXDnNaTQ,Periodista deportivo con más de 30 años de carrera | X: @Silvio Valencia2 | FB: Valencia Silvio Oficial | TikTok: El Sensei Oficial | Contacto/Manag: 993334930 ,false_positive,
tier2_title_only,2,title_only,UCF6-DtXR5feBLW8k2WJpsTw,Kjersti Flaa,Kjersti Flaa,journalist,US,287000,1135,Lifestyle_(sociology)|Entertainment,https://www.youtube.com/channel/UCF6-DtXR5feBLW8k2WJpsTw,"Hi there, my name is Kjersti Flaa. I hope you enjoy my channel!  I am an Entertainment Reporter and Multimedia Producer originally from Norway. On my channel I share some of my goo",false_positive,
tier2_title_only,2,title_only,UChhMknOcAZOQXC1rh0ler-Q,Lucy Edwards,Lucy Edwards,YouTuber|blogger|journalist,GB,850000,1431,Lifestyle_(sociology)|Health,https://www.youtube.com/channel/UChhMknOcAZOQXC1rh0ler-Q,"Join me on my blind IVF journey, launching an accessible makeup brand - etia - and chatty cuppas on the sofa every week on Sundays ",false_positive,
tier2_title_only,2,title_only,UCLadFapyecCYAeuTqc12avA,Prof. Sam Vaknin,Sam Vaknin,journalist,IL,453000,2328,Knowledge|Health|Lifestyle_(sociology),https://www.youtube.com/channel/UCLadFapyecCYAeuTqc12avA,"Professor of Psychology, Business Management in CIAPS (Cambridge, Birmingham UK; Ontario, Canada; Lagos, Nigeria), SEEU (Visiting, N. Macedonia). My work relies on interviews with ",false_positive,
tier2_title_only,2,title_only,UCtaBFQsyvlFbbfHvCLByd7g,Sofie Rozendaal,Sofie Rozendaal,journalist,NL,27200,279,Lifestyle_(sociology),https://www.youtube.com/channel/UCtaBFQsyvlFbbfHvCLByd7g,"Als journalist maak ik docu-vlogs over onderwerpen die ik in het gewone leven tegenkom. Ik gebruik mijn eigen vragen en avonturen graag als kapstok om grotere, herkenbare thema’s u",false_positive,
tier2_title_only,2,title_only,UCfhH3NnVbD4gxkw-XBIlb0w,Dariusz Pichalski. Marketing & AI,Dariusz Pichalski,YouTuber|blogger|columnist|journalist|pundit,PL,49800,1546,Knowledge,https://www.youtube.com/channel/UCfhH3NnVbD4gxkw-XBIlb0w,"Nauczę Cię, jak wykorzystać nowoczesny marketing i AI, aby skutecznie pozyskiwać klientów, oszczędzać czas i zwiększać zyski. 👥 Ponad 4 mln wyświetleń na Youtube i 14k kursantów. N",false_positive,
tier2_title_only,2,title_only,UCy77dX8TWyKTwAXYjgRPeXw,‫أحمد غازي Ahmed Ghazi,Ahmed Ghazi,journalist,EG,200000,181,,https://www.youtube.com/channel/UCy77dX8TWyKTwAXYjgRPeXw,رائد أعمال | صانع محتوى اؤمن بقوة الأفكار والكلمة . أشارك رحلة التغيير لنبني معنا مجتمعاً واعياً,false_positive,
tier2_title_only,2,title_only,UCpHyslB69YRUgWz3xmn6LCg,UH!Tube | Sarah Kuttner,Sarah Kuttner,columnist|journalist|podcaster|pundit,DE,20000,299,Lifestyle_(sociology)|Health,https://www.youtube.com/channel/UCpHyslB69YRUgWz3xmn6LCg,Unsortierte Gedanken zu geistiger Gesundheit und Hundeverhalten. Ich denke laut und durcheinander. Es macht einen Heidenspaß. Mir zumindest. Ciao!,false_positive,
tier2_title_only,2,title_only,UCKxn56z2qU-LJi3KRgMiaUg,Casimiro,Casimiro Miguel,YouTuber|blogger|journalist,BR,1140000,487,Lifestyle_(sociology),https://www.youtube.com/channel/UCKxn56z2qU-LJi3KRgMiaUg,Melhores momentos editados da live do Casimiro! ,false_positive,
tier2_title_only,2,title_only,UCUTeRJXYVpfwLKUtmVjiN7g,Nobel,Nobel Arustamyan,journalist|pundit,RU,240000,339,Sport|Association_football,https://www.youtube.com/channel/UCUTeRJXYVpfwLKUtmVjiN7g,Футбол в 2026 году.   Ресурс включен в перечень РКН (заявление №4955485408) ,false_positive,
tier2_title_only,2,title_only,UC46bBqt3sf_0jpb0_EV3_sA,Baiju N Nair,Baiju N Nair,journalist,IN,1190000,2070,Lifestyle_(sociology)|Vehicle,https://www.youtube.com/channel/UC46bBqt3sf_0jpb0_EV3_sA,"ഏറ്റവും പുതിയ വാഹനങ്ങളും വാഹന വിശേഷങ്ങളും അറിയാൻ, കാണാത്ത ദേശങ്ങളിലൂടെയുള്ള യാത്രകളുടെ ഹരം  നുകരാൻ, വരിക, എന്നോടൊപ്പം....",false_positive,
tier2_title_only,2,title_only,UCz_LKCKWs6Bf7hPCrUa_VtQ,Dick DeBartolo,Dick DeBartolo,journalist,US,4710,629,Hobby|Lifestyle_(sociology)|Technology,https://www.youtube.com/channel/UCz_LKCKWs6Bf7hPCrUa_VtQ,"Reviews of gadgets,  often strange gadgets arrive on YouTube often, via Dick DeBartolo, The Giz Wiz on ABC's World News Now, and  co-host of The Giz Wiz Show with OMGChad. Dick als",false_positive,
tier2_title_only,2,title_only,UC2LQ5jMieMZjb5k5Gprp2JQ,Alexandra Gurgel,Alexandra Gurgel,YouTuber|blogger|journalist,BR,616000,1306,Lifestyle_(sociology),https://www.youtube.com/channel/UC2LQ5jMieMZjb5k5Gprp2JQ,"Seja muito bem-vinda ao meu canal, meuamo! Aqui você encontra histórias que vão te prender do início ao fim: desabafos pessoais, fofoquinhas das redes sociais, polêmicas sociais e ",false_positive,
