row_number,domain,brand_name,current_url,issue_type,corrected_url
352,trtdeutsch.com,TRT Deutsch,https://www.youtube.com/trtdeutsch,BARE_NAME,https://www.youtube.com/@TRTDeutsch
355,nrw-aktuell.tv,nrw-aktuell.tv,https://www.youtube.com/nrwaktuelltv,BARE_NAME,https://www.youtube.com/@nrwaktuelltv
528,qactus.fr,L'Informateur,https://www.youtube.com/watch?v=p8XlG8aen_4,VIDEO_URL,https://www.youtube.com/@qactuslinformateur.9299
529,qactusinformateur.wordpress.com,L'Informateur,https://www.youtube.com/watch?v=p8XlG8aen_4,VIDEO_URL,https://www.youtube.com/@qactuslinformateur.9299
829,lesdeqodeurs.fr,Les DéQodeurs ,https://www.youtube.com/playlist?list=PLRQmtEOmt7KKZkwCzXpLmXCqNZUMVM0Ez,PLAYLIST_URL,https://www.youtube.com/@LesDeqodeursPlus
956,euractiv.fr,Euractiv,https://www.youtube.com/euractiv,BARE_NAME,www.youtube.com/@Euractiv
1024,arretsurimages.net,Arrêt sur Images ,https://www.youtube.com/arretsurimagesmedia,BARE_NAME,https://www.youtube.com/c/Arretsurimages
1120,andreaskalcker.com,AndreasKalcker,https://dioxitube.com/,NON_YOUTUBE,https://www.youtube.com/@andreaskalcker2537
1195,evangelisch.de,evangelisch.de,https://www.youtube.com/EvangelischDE,BARE_NAME,https://www.youtube.com/@EvangelischDE
1283,saronnonews.it,Saronno News,https://www.youtube.com/playlist?list=PLUarR3Z69ulnJO0HPcSrzPilVDo0ZAh-6,PLAYLIST_URL,NONE
1564,themonthly.com.au,The Monthly,https://www.youtube.com/watch?v=47bAn7x5lRc,VIDEO_URL,https://www.youtube.com/@themonthly
1668,greekreporter.com,Greek Reporter,https://www.youtube.com/GreekReporter,BARE_NAME,https://www.youtube.com/@greekreporter
1681,dailyliberal.com.au,The Daily Liberal,https://au.linkedin.com/company/daily-liberal,NON_YOUTUBE,NONE
1701,chaser.com.au,The Chaser,https://www.youtube.com/chaser,BARE_NAME,https://www.youtube.com/@chaserhq
1718,elle.com.au,Elle Australia,https://www.youtube.com/elleaus,BARE_NAME,https://www.youtube.com/@ElleAus
1766,thestar.com,,https://www.youtube.com/torontostar,BARE_NAME,https://www.youtube.com/@torontostar
1808,calgary.citynews.ca,CityNews Calgary,https://youtube.com/citynews,BARE_NAME,https://www.youtube.com/@CityNews
1809,660citynews.com,CityNews Calgary,https://youtube.com/citynews,BARE_NAME,https://www.youtube.com/@CityNews
1820,vancouver.citynews.ca,CityNews Vancouver,https://www.youtube.com/citynews,BARE_NAME,https://www.youtube.com/@CityNews
1821,citynews1130.com,CityNews Vancouver,https://www.youtube.com/citynews,BARE_NAME,https://www.youtube.com/@CityNews
1823,toronto.citynews.ca,CityNews Toronto,https://www.youtube.com/citynews,BARE_NAME,https://www.youtube.com/@CityNews
1824,680news.com,CityNews Toronto,https://www.youtube.com/citynews,BARE_NAME,https://www.youtube.com/@CityNews
1857,westernstandard.news,,https://www.youtube.com/WesternStandard,BARE_NAME,https://www.youtube.com/@WesternStandard
1858,westernstandardonline.com,,https://www.youtube.com/WesternStandard,BARE_NAME,https://www.youtube.com/@WesternStandard
1861,globalresearch.ca,Centre for Research on Globalization,https://www.youtube.com/globalresearchtv,BARE_NAME,NONE
1880,cbc.ca,Canadian Broadcasting Corporation,https://www.youtube.com/CBC,BARE_NAME,https://www.youtube.com/@CBC
1908,environmentaldefence.ca,,https://www.youtube.com/ENVIRONMENTALDEFENCE,BARE_NAME,https://www.youtube.com/@environmentaldefence
2022,mobilesyrup.com,Mobile Syrup,https://www.youtube.com/mobilesyrup,BARE_NAME,https://www.youtube.com/@mobilesyrup
2116,kelownanow.com,KelownaNow,https://www.youtube.com/welcometokelowna,BARE_NAME,https://www.youtube.com/@thenowmediagroup
2167,saultonline.com,SaultOnline,https://www.youtube.com/SaultOnlineONNtv,BARE_NAME,https://www.youtube.com/@TheSaultChannel
2192,ipcc.ch,Intergovernmental Panel on Climate Change,https://www.youtube.com/IPCCGeneva,BARE_NAME,https://www.youtube.com/@IPCCGeneva
2246,trtdeutsch.com,TRT Deutsch,https://www.youtube.com/trtdeutsch,BARE_NAME,https://www.youtube.com/@TRTDeutsch
2249,nrw-aktuell.tv,nrw-aktuell.tv,https://www.youtube.com/nrwaktuelltv,BARE_NAME,https://www.youtube.com/@nrwaktuelltv
2416,andreaskalcker.com,AndreasKalcker,https://dioxitube.com/,NON_YOUTUBE,https://www.youtube.com/@andreaskalcker2537
2443,evangelisch.de,evangelisch.de,https://www.youtube.com/EvangelischDE,BARE_NAME,https://www.youtube.com/@EvangelischDE
2681,qactus.fr,L'Informateur,https://www.youtube.com/watch?v=p8XlG8aen_4,VIDEO_URL,https://www.youtube.com/@qactuslinformateur.9299
2682,qactusinformateur.wordpress.com,L'Informateur,https://www.youtube.com/watch?v=p8XlG8aen_4,VIDEO_URL,https://www.youtube.com/@qactuslinformateur.9299
2814,lesdeqodeurs.fr,Les DéQodeurs ,https://www.youtube.com/playlist?list=PLRQmtEOmt7KKZkwCzXpLmXCqNZUMVM0Ez,PLAYLIST_URL,https://www.youtube.com/@LesDeqodeursPlus
2857,euractiv.fr,Euractiv,https://www.youtube.com/euractiv,BARE_NAME,www.youtube.com/@Euractiv
2881,arretsurimages.net,Arrêt sur images ,https://www.youtube.com/arretsurimagesmedia,BARE_NAME,https://www.youtube.com/c/Arretsurimages
3043,vactruth.com,VacTruth,https://www.youtube.com/vactruth,BARE_NAME,NONE
3092,thetimes.com,The Times and Sunday Times,https://www.youtube.com/results?search_query=the+times+and+the+sunday+times,BARE_NAME,https://www.youtube.com/@TheTimes
3093,thetimes.co.uk,The Times and Sunday Times,https://www.youtube.com/results?search_query=the+times+and+the+sunday+times,BARE_NAME,https://www.youtube.com/@TheTimes
3107,doubledown.news,Doubledown news,https://www.youtube.com/DoubleDownNews,BARE_NAME,https://www.youtube.com/@DoubleDownNews
3140,theguardian.com,The Guardian,https://www.youtube.com/guardian,BARE_NAME,https://www.youtube.com/@guardiannews
3157,dazeddigital.com,Dazed,https://www.youtube.com/dazed,BARE_NAME,https://www.youtube.com/@dazed
4157,saronnonews.it,Saronno News,https://www.youtube.com/playlist?list=PLUarR3Z69ulnJO0HPcSrzPilVDo0ZAh-6,PLAYLIST_URL,NONE
4623,euroweeklynews.com,Euro Weekly News,https://www.youtube.com/euroweeklynews,BARE_NAME,https://www.youtube.com/@Euroweeklynews
4674,activistpost.com,,https://youtube.com/activistpost,BARE_NAME,NONE
4675,activistpost.org,,https://youtube.com/activistpost,BARE_NAME,NONE
5138,alreporter.com,Alabama Political Reporter,https://www.youtube.com/aprthev,BARE_NAME,https://www.youtube.com/@aprthev
5158,wjhg.com,WJHG,https://www.youtube.com/playlist?list=PLF68DDD5EE1D3EECF,PLAYLIST_URL,https://www.youtube.com/@wjhgtv
5289,marinelink.com,,https://www.youtube.com/MaritimeReporterTV,BARE_NAME,https://www.youtube.com/@MaritimeReporterTV
5738,english.alarabiya.net,Al Arabiya English,https://www.youtube.com/AlArabiyaEnglish,BARE_NAME,https://www.youtube.com/@AlArabiyaEnglish
6003,refinery29.com,Refinery29,https://www.youtube.com/Refinery29TV,BARE_NAME,https://www.youtube.com/@refinery29
6044,genesiustimes.com,,https://www.youtube.com/watch?v=MPKoeCcJo2o,VIDEO_URL,https://www.youtube.com/@GenesiusTimes
6413,bongino.com,Bongino.com,https://www.youtube.com/bongino,BARE_NAME,https://www.youtube.com/c/Bongino
6414,bonginoreport.com,Bongino.com,https://www.youtube.com/bongino,BARE_NAME,https://www.youtube.com/c/Bongino
6688,humanevents.com,Human Events,https://www.youtube.com/humanevents,BARE_NAME,https://www.youtube.com/@HumanEvents
7005,mondoweiss.net,Mondoweiss,https://www.youtube.com/mondoweissvideos,BARE_NAME,https://www.youtube.com/@MondoweissVideos
7118,good.is,,https://www.youtube.com/GOOD,BARE_NAME,https://www.youtube.com/@goodmagazine
8323,nationalrighttolifenews.org,,https://www.youtube.com/nationalrighttolife,BARE_NAME,https://www.youtube.com/@nationalrighttolife
8347,npr.org,National Public Radio,https://www.youtube.com/nationalpublicradio,BARE_NAME,https://www.youtube.com/@NPR
8348,news.wbfo.org,National Public Radio,https://www.youtube.com/nationalpublicradio,BARE_NAME,https://www.youtube.com/@NPR
8349,wbfo.org,National Public Radio,https://www.youtube.com/nationalpublicradio,BARE_NAME,https://www.youtube.com/@NPR
8379,babel.ua,Babel,https://www.youtube.com/babelua,BARE_NAME,https://www.youtube.com/@BabelUa
8392,mindbodygreen.com,,https://www.youtube.com/mindbodygreen/,BARE_NAME,https://www.youtube.com/@mindbodygreen
9197,autismspeaks.org,,https://www.youtube.com/autismspeaks,BARE_NAME,https://www.youtube.com/@AutismSpeaks
9204,texasscorecard.com,,https://www.youtube.com/texasscorecard,BARE_NAME,https://www.youtube.com/TexasScorecard
9278,cjr.org,The Columbia Journalism Review,https://x.com/CJR,NON_YOUTUBE,https://www.youtube.com/@columbiajournalismreview6818
9287,tribuneonlineng.com,,https://www.youtube.com/NigerianTribuneTV,BARE_NAME,https://www.youtube.com/@NigerianTribuneTV
9331,geeksforgeeks.org,,https://www.youtube.com/geeksforgeeksvideos,BARE_NAME,https://www.youtube.com/@GeeksforGeeksVideos
9341,sportsplazza.com,,https://www.youtube.com/sportsplazza?sub_confirmation=1,BARE_NAME,NONE
9356,relevantmagazine.com,Relevant,https://www.youtube.com/Relevant,BARE_NAME,https://www.youtube.com/@relevantmagazine
9566,opindia.com,,https://www.youtube.com/OpindiaEnglish,BARE_NAME,https://www.youtube.com/@OpIndia_in
9775,newsweek.com,Newsweek,https://www.youtube.com/newsweek,BARE_NAME,https://www.youtube.com/@Newsweek
9776,cgtn.com,China Global Television Network,https://www.youtube.com/CGTN,BARE_NAME,https://www.youtube.com/CGTN
9875,mena.org.ua,Menshchyna,https://www.youtube.com/menshchyna,BARE_NAME,https://www.youtube.com/@menshchyna
9930,cancerwisdom.net,Cancer Wisdom,https://www.youtube.com/cancerwisdomtv,BARE_NAME,https://www.youtube.com/@CancerWisdomTV
10001,goop.com,Goop ,https://www.youtube.com/goopgwynethpaltrow,BARE_NAME,https://www.youtube.com/@goop
10018,greenrushdaily.com,,https://www.youtube.com/greenrushdaily,BARE_NAME,NONE
10037,cfact.org,Committee For A Constructive Tomorrow,https://www.youtube.com/cfact,BARE_NAME,https://www.youtube.com/@cfact
10098,aciprensa.com,,https://www.youtube.com/aciprensa,BARE_NAME,https://www.youtube.com/@aciprensa
10123,vibe.com,VIBE,https://www.youtube.com/vibe,BARE_NAME,https://www.youtube.com/@vibemedia
10165,nypost.com,New York Post,https://www.youtube.com/newyorkpost,BARE_NAME,https://www.youtube.com/@nypost
10166,newyorkpost.com,New York Post,https://www.youtube.com/newyorkpost,BARE_NAME,https://www.youtube.com/@nypost
10194,spectrumlocalnews.com,,https://www.youtube.com/watch?v=uuATykYir4w,VIDEO_URL,https://www.youtube.com/@spectrumlocalnews
10195,spectrumnews1.com,,https://www.youtube.com/watch?v=uuATykYir4w,VIDEO_URL,https://www.youtube.com/@spectrumlocalnews
10222,inmaricopa.com,InMaricopa,https://www.youtube.com/85239video,BARE_NAME,https://www.youtube.com/@Inmaricopa
10274,thetrace.org,,https://www.youtube.com/watch?v=IQ-to6juHr0,VIDEO_URL,NONE
10321,benzinga.com,,https://www.youtube.com/benzingatv,BARE_NAME,https://www.youtube.com/@Benzinga
10361,pride.com,,https://www.youtube.com/playlist?list=PL6orzhPfnuvnLlExSStUviIGyMfo3lGBn,PLAYLIST_URL,https://www.youtube.com/@PRIDE_site
10379,wearemitu.com,mitú,https://www.youtube.com/wearemitu,BARE_NAME,https://www.youtube.com/@wearemitu
10505,nhpr.org,New Hampshire Public Radio,https://www.youtube.com/nhpublicradio,BARE_NAME,https://www.youtube.com/@NHPR
10641,nj.com,NJ.com,https://www.youtube.com/tvjersey,BARE_NAME,https://www.youtube.com/@njdotcom
10876,observer.com,,https://www.youtube.com/watch,BARE_NAME,NONE
11849,eldiariony.com,,https://www.youtube.com/eldiariolaprensaNY,BARE_NAME,https://www.youtube.com/@ElDiarioNYC
11924,laopinion.com,,https://www.youtube.com/laopinionla,BARE_NAME,https://www.youtube.com/@LaOpinionLA
12215,midmichigannow.com,Mid-Michigan Now,https://www.youtube.com/connectmidmichigan,BARE_NAME,https://www.youtube.com/@midmichigannow
12308,fox35orlando.com,Fox 35 Orlando,https://www.youtube.com/myfoxorlando,BARE_NAME,https://www.youtube.com/@fox35
12480,wt.social,WT.Social,https://www.youtube.com/watch?v=U2jdMYBvnRc,VIDEO_URL,https://www.youtube.com/@wtcommunity5269
12481,wikitribune.com,WT.Social,https://www.youtube.com/watch?v=U2jdMYBvnRc,VIDEO_URL,https://www.youtube.com/@wtcommunity5269
12799,thescoopradioshow.com,,https://www.youtube.com/thevenicescoop,BARE_NAME,https://www.youtube.com/@Thefrancescoabbruzzinoshow
